,cve_ent,cve_mun,productores,vacas_total,vacas_prom,tipo,produccion_total
1,01,001,737,18355,24.90502035,pequeño,18355
2,01,002,325,3680,11.32307692,pequeño,3680
3,01,003,407,1864,4.57985258,pequeño,1864
4,01,004,42,729,17.35714286,pequeño,729
5,01,005,237,3723,15.70886076,pequeño,3723
6,01,006,178,14153,79.51123596,mediano,14153
7,01,007,148,10880,73.51351351,mediano,10880
8,01,008,300,1325,4.416666667,pequeño,1325
9,01,009,186,4886,26.2688172,pequeño,4886
10,01,010,221,3016,13.64705882,pequeño,3016
11,01,011,85,6629,77.98823529,mediano,6629
12,02,001,104,2381,22.89423077,pequeño,2381
13,02,002,109,3666,33.63302752,pequeño,3666
14,02,006,24,259,10.79166667,pequeño,259
15,02,007,1,25,25,pequeño,25
16,03,001,171,2817,16.47368421,pequeño,2817
17,03,002,76,840,11.05263158,pequeño,840
18,03,003,499,4170,8.356713427,pequeño,4170
19,03,008,294,2492,8.476190476,pequeño,2492
20,03,009,10,69,6.9,pequeño,69
21,04,001,7,20,2.857142857,pequeño,20
22,04,002,206,1640,7.961165049,pequeño,1640
23,04,003,971,4962,5.110195675,pequeño,4962
24,04,004,456,3278,7.188596491,pequeño,3278
25,04,005,160,605,3.78125,pequeño,605
26,04,006,385,1400,3.636363636,pequeño,1400
27,04,007,193,759,3.932642487,pequeño,759
28,04,008,36,69,1.916666667,pequeño,69
29,04,009,482,1734,3.597510373,pequeño,1734
30,04,010,83,459,5.530120482,pequeño,459
31,04,011,888,2853,3.212837838,pequeño,2853
32,04,012,5,18,3.6,pequeño,18
33,04,013,1,2,2,pequeño,2
34,05,001,6,18,3,pequeño,18
35,05,002,29,126,4.344827586,pequeño,126
36,05,003,7,107,15.28571429,pequeño,107
37,05,004,88,444,5.045454545,pequeño,444
38,05,005,17,87,5.117647059,pequeño,87
39,05,006,25,127,5.08,pequeño,127
40,05,007,11,27,2.454545455,pequeño,27
41,05,008,8,21,2.625,pequeño,21
42,05,010,22,244,11.09090909,pequeño,244
43,05,011,228,1015,4.451754386,pequeño,1015
44,05,012,27,155,5.740740741,pequeño,155
45,05,013,11,36,3.272727273,pequeño,36
46,05,014,23,46,2,pequeño,46
47,05,015,4,44,11,pequeño,44
48,05,016,7,15,2.142857143,pequeño,15
49,05,018,31,243,7.838709677,pequeño,243
50,05,019,21,126,6,pequeño,126
51,05,020,27,274,10.14814815,pequeño,274
52,05,021,19,52,2.736842105,pequeño,52
53,05,022,19,150,7.894736842,pequeño,150
54,05,023,7,28,4,pequeño,28
55,05,024,36,154,4.277777778,pequeño,154
56,05,025,14,189,13.5,pequeño,189
57,05,026,10,31,3.1,pequeño,31
58,05,027,36,85,2.361111111,pequeño,85
59,05,028,12,86,7.166666667,pequeño,86
60,05,029,10,57,5.7,pequeño,57
61,05,030,138,863,6.253623188,pequeño,863
62,05,031,19,66,3.473684211,pequeño,66
63,05,032,16,245,15.3125,pequeño,245
64,05,034,11,59,5.363636364,pequeño,59
65,05,037,38,162,4.263157895,pequeño,162
66,05,038,38,174,4.578947368,pequeño,174
67,06,001,86,430,5,pequeño,430
68,06,002,224,1323,5.90625,pequeño,1323
69,06,003,111,834,7.513513514,pequeño,834
70,06,004,210,1138,5.419047619,pequeño,1138
71,06,005,214,1494,6.981308411,pequeño,1494
72,06,006,72,266,3.694444444,pequeño,266
73,06,007,314,1473,4.691082803,pequeño,1473
74,06,008,139,565,4.064748201,pequeño,565
75,06,009,117,518,4.427350427,pequeño,518
76,06,010,76,500,6.578947368,pequeño,500
77,07,001,46,331,7.195652174,pequeño,331
78,07,002,48,423,8.8125,pequeño,423
79,07,003,166,1787,10.76506024,pequeño,1787
80,07,004,5,13,2.6,pequeño,13
81,07,005,149,475,3.187919463,pequeño,475
82,07,006,3,6,2,pequeño,6
83,07,007,1,5,5,pequeño,5
84,07,008,31,168,5.419354839,pequeño,168
85,07,009,877,8904,10.15279361,pequeño,8904
86,07,010,1,1,1,pequeño,1
87,07,012,98,906,9.244897959,pequeño,906
88,07,013,102,416,4.078431373,pequeño,416
89,07,014,37,102,2.756756757,pequeño,102
90,07,015,4,182,45.5,mediano,182
91,07,016,224,1194,5.330357143,pequeño,1194
92,07,017,764,5856,7.664921466,pequeño,5856
93,07,018,32,216,6.75,pequeño,216
94,07,019,28,78,2.785714286,pequeño,78
95,07,020,501,4407,8.796407186,pequeño,4407
96,07,021,268,2296,8.567164179,pequeño,2296
97,07,025,32,105,3.28125,pequeño,105
98,07,027,122,928,7.606557377,pequeño,928
99,07,028,6,41,6.833333333,pequeño,41
100,07,029,4,17,4.25,pequeño,17
101,07,030,36,223,6.194444444,pequeño,223
102,07,031,2,15,7.5,pequeño,15
103,07,032,190,1305,6.868421053,pequeño,1305
104,07,033,55,476,8.654545455,pequeño,476
105,07,034,175,555,3.171428571,pequeño,555
106,07,035,18,134,7.444444444,pequeño,134
107,07,037,24,238,9.916666667,pequeño,238
108,07,038,1,2,2,pequeño,2
109,07,039,134,330,2.462686567,pequeño,330
110,07,040,54,394,7.296296296,pequeño,394
111,07,041,4,35,8.75,pequeño,35
112,07,042,39,287,7.358974359,pequeño,287
113,07,043,31,418,13.48387097,pequeño,418
114,07,044,23,60,2.608695652,pequeño,60
115,07,045,47,199,4.234042553,pequeño,199
116,07,046,580,4258,7.34137931,pequeño,4258
117,07,047,63,245,3.888888889,pequeño,245
118,07,048,484,8549,17.66322314,pequeño,8549
119,07,050,157,1090,6.942675159,pequeño,1090
120,07,051,966,9656,9.995859213,pequeño,9656
121,07,052,22,100,4.545454545,pequeño,100
122,07,054,32,288,9,pequeño,288
123,07,055,2,2,1,pequeño,2
124,07,057,34,62,1.823529412,pequeño,62
125,07,058,1,10,10,pequeño,10
126,07,059,209,1332,6.373205742,pequeño,1332
127,07,060,1,3,3,pequeño,3
128,07,061,480,3835,7.989583333,pequeño,3835
129,07,062,276,2930,10.61594203,pequeño,2930
130,07,063,7,24,3.428571429,pequeño,24
131,07,065,1096,4283,3.907846715,pequeño,4283
132,07,066,17,33,1.941176471,pequeño,33
133,07,067,131,617,4.709923664,pequeño,617
134,07,068,369,4775,12.9403794,pequeño,4775
135,07,069,2488,24869,9.995578778,pequeño,24869
136,07,071,106,962,9.075471698,pequeño,962
137,07,072,55,280,5.090909091,pequeño,280
138,07,073,18,199,11.05555556,pequeño,199
139,07,074,268,1865,6.958955224,pequeño,1865
140,07,075,3,9,3,pequeño,9
141,07,076,13,56,4.307692308,pequeño,56
142,07,077,578,1723,2.980968858,pequeño,1723
143,07,078,2,7,3.5,pequeño,7
144,07,079,83,325,3.915662651,pequeño,325
145,07,080,6,15,2.5,pequeño,15
146,07,081,12,47,3.916666667,pequeño,47
147,07,083,40,115,2.875,pequeño,115
148,07,084,71,574,8.084507042,pequeño,574
149,07,086,24,175,7.291666667,pequeño,175
150,07,087,72,592,8.222222222,pequeño,592
151,07,088,72,571,7.930555556,pequeño,571
152,07,089,83,600,7.228915663,pequeño,600
153,07,090,14,70,5,pequeño,70
154,07,091,41,306,7.463414634,pequeño,306
155,07,092,359,3792,10.56267409,pequeño,3792
156,07,093,4,7,1.75,pequeño,7
157,07,094,7,26,3.714285714,pequeño,26
158,07,096,28,61,2.178571429,pequeño,61
159,07,097,2567,22903,8.922088041,pequeño,22903
160,07,098,20,79,3.95,pequeño,79
161,07,099,270,1299,4.811111111,pequeño,1299
162,07,100,43,98,2.279069767,pequeño,98
163,07,101,19,103,5.421052632,pequeño,103
164,07,102,54,257,4.759259259,pequeño,257
165,07,103,30,379,12.63333333,pequeño,379
166,07,104,35,268,7.657142857,pequeño,268
167,07,105,1,1,1,pequeño,1
168,07,106,116,831,7.163793103,pequeño,831
169,07,107,1033,9503,9.199419167,pequeño,9503
170,07,108,1200,10723,8.935833333,pequeño,10723
171,07,109,5,14,2.8,pequeño,14
172,07,110,12,45,3.75,pequeño,45
173,07,111,1,1,1,pequeño,1
174,07,114,116,671,5.784482759,pequeño,671
175,07,115,13,40,3.076923077,pequeño,40
176,07,116,230,1050,4.565217391,pequeño,1050
177,07,117,3,12,4,pequeño,12
178,07,121,4,26,6.5,pequeño,26
179,07,122,107,780,7.289719626,pequeño,780
180,07,123,42,234,5.571428571,pequeño,234
181,07,124,288,1996,6.930555556,pequeño,1996
182,07,125,5,16,3.2,pequeño,16
183,08,001,41,2115,51.58536585,mediano,2115
184,08,002,131,1160,8.854961832,pequeño,1160
185,08,003,42,4039,96.16666667,mediano,4039
186,08,004,11,59,5.363636364,pequeño,59
187,08,005,92,921,10.01086957,pequeño,921
188,08,006,21,304,14.47619048,pequeño,304
189,08,007,123,479,3.894308943,pequeño,479
190,08,008,132,941,7.128787879,pequeño,941
191,08,009,13,89,6.846153846,pequeño,89
192,08,010,73,548,7.506849315,pequeño,548
193,08,011,88,2019,22.94318182,pequeño,2019
194,08,012,11,24,2.181818182,pequeño,24
195,08,013,139,587,4.223021583,pequeño,587
196,08,014,45,298,6.622222222,pequeño,298
197,08,015,9,72,8,pequeño,72
198,08,016,26,164,6.307692308,pequeño,164
199,08,017,444,12288,27.67567568,pequeño,12288
200,08,018,96,1001,10.42708333,pequeño,1001
201,08,019,443,3625,8.182844244,pequeño,3625
202,08,020,77,476,6.181818182,pequeño,476
203,08,022,184,611,3.320652174,pequeño,611
204,08,023,16,155,9.6875,pequeño,155
205,08,024,70,239,3.414285714,pequeño,239
206,08,025,23,44,1.913043478,pequeño,44
207,08,026,4,10,2.5,pequeño,10
208,08,027,57,277,4.859649123,pequeño,277
209,08,028,23,147,6.391304348,pequeño,147
210,08,029,283,1450,5.123674912,pequeño,1450
211,08,030,74,457,6.175675676,pequeño,457
212,08,031,158,530,3.35443038,pequeño,530
213,08,032,133,1185,8.909774436,pequeño,1185
214,08,033,23,76,3.304347826,pequeño,76
215,08,034,194,374,1.927835052,pequeño,374
216,08,035,130,2588,19.90769231,pequeño,2588
217,08,036,80,1884,23.55,pequeño,1884
218,08,037,47,3671,78.10638298,mediano,3671
219,08,038,42,733,17.45238095,pequeño,733
220,08,039,27,219,8.111111111,pequeño,219
221,08,040,136,1296,9.529411765,pequeño,1296
222,08,041,5,51,10.2,pequeño,51
223,08,042,40,105,2.625,pequeño,105
224,08,043,11,26,2.363636364,pequeño,26
225,08,044,61,322,5.278688525,pequeño,322
226,08,045,191,6633,34.72774869,pequeño,6633
227,08,046,81,677,8.358024691,pequeño,677
228,08,047,87,1239,14.24137931,pequeño,1239
229,08,048,296,6022,20.34459459,pequeño,6022
230,08,049,21,72,3.428571429,pequeño,72
231,08,050,105,2063,19.64761905,pequeño,2063
232,08,051,29,274,9.448275862,pequeño,274
233,08,052,28,125,4.464285714,pequeño,125
234,08,053,6,24,4,pequeño,24
235,08,054,488,10431,21.375,pequeño,10431
236,08,055,163,3922,24.06134969,pequeño,3922
237,08,056,18,47,2.611111111,pequeño,47
238,08,057,15,31,2.066666667,pequeño,31
239,08,058,40,308,7.7,pequeño,308
240,08,059,57,270,4.736842105,pequeño,270
241,08,060,30,151,5.033333333,pequeño,151
242,08,061,30,146,4.866666667,pequeño,146
243,08,062,195,13793,70.73333333,mediano,13793
244,08,063,140,520,3.714285714,pequeño,520
245,08,064,12,27,2.25,pequeño,27
246,08,065,79,476,6.025316456,pequeño,476
247,08,066,14,127,9.071428571,pequeño,127
248,08,067,50,88,1.76,pequeño,88
249,09,004,1,1,1,pequeño,1
250,09,007,2,43,21.5,pequeño,43
251,09,008,3,20,6.666666667,pequeño,20
252,09,009,50,128,2.56,pequeño,128
253,09,010,1,1,1,pequeño,1
254,09,011,64,255,3.984375,pequeño,255
255,09,012,32,180,5.625,pequeño,180
256,09,013,66,262,3.96969697,pequeño,262
257,10,001,476,965,2.027310924,pequeño,965
258,10,002,33,603,18.27272727,pequeño,603
259,10,003,65,88,1.353846154,pequeño,88
260,10,004,97,542,5.587628866,pequeño,542
261,10,005,368,1517,4.122282609,pequeño,1517
262,10,006,21,864,41.14285714,mediano,864
263,10,008,28,65,2.321428571,pequeño,65
264,10,009,144,508,3.527777778,pequeño,508
265,10,010,41,105,2.56097561,pequeño,105
266,10,011,105,194,1.847619048,pequeño,194
267,10,013,55,419,7.618181818,pequeño,419
268,10,014,327,1451,4.437308869,pequeño,1451
269,10,015,40,1315,32.875,pequeño,1315
270,10,016,37,100,2.702702703,pequeño,100
271,10,017,111,436,3.927927928,pequeño,436
272,10,018,431,858,1.990719258,pequeño,858
273,10,019,52,172,3.307692308,pequeño,172
274,10,020,19,45,2.368421053,pequeño,45
275,10,021,43,511,11.88372093,pequeño,511
276,10,022,108,225,2.083333333,pequeño,225
277,10,023,277,1084,3.913357401,pequeño,1084
278,10,024,30,88,2.933333333,pequeño,88
279,10,025,229,563,2.458515284,pequeño,563
280,10,026,202,785,3.886138614,pequeño,785
281,10,027,48,317,6.604166667,pequeño,317
282,10,028,73,327,4.479452055,pequeño,327
283,10,029,9,39,4.333333333,pequeño,39
284,10,030,41,96,2.341463415,pequeño,96
285,10,031,41,120,2.926829268,pequeño,120
286,10,032,681,2651,3.892804699,pequeño,2651
287,10,033,111,168,1.513513514,pequeño,168
288,10,034,337,1796,5.329376855,pequeño,1796
289,10,035,241,1084,4.497925311,pequeño,1084
290,10,037,72,345,4.791666667,pequeño,345
291,10,038,67,92,1.373134328,pequeño,92
292,10,039,585,7523,12.85982906,pequeño,7523
293,11,001,361,2596,7.191135734,pequeño,2596
294,11,002,173,964,5.572254335,pequeño,964
295,11,003,186,3426,18.41935484,pequeño,3426
296,11,004,47,108,2.29787234,pequeño,108
297,11,005,67,5667,84.58208955,mediano,5667
298,11,006,6,14,2.333333333,pequeño,14
299,11,007,385,3810,9.896103896,pequeño,3810
300,11,008,228,819,3.592105263,pequeño,819
301,11,009,74,375,5.067567568,pequeño,375
302,11,010,47,97,2.063829787,pequeño,97
303,11,011,116,775,6.681034483,pequeño,775
304,11,012,59,227,3.847457627,pequeño,227
305,11,013,72,5264,73.11111111,mediano,5264
306,11,014,274,7110,25.94890511,pequeño,7110
307,11,015,44,149,3.386363636,pequeño,149
308,11,016,29,84,2.896551724,pequeño,84
309,11,017,324,2073,6.398148148,pequeño,2073
310,11,018,95,530,5.578947368,pequeño,530
311,11,019,169,353,2.088757396,pequeño,353
312,11,020,620,8663,13.97258065,pequeño,8663
313,11,021,12,89,7.416666667,pequeño,89
314,11,022,149,635,4.261744966,pequeño,635
315,11,023,256,708,2.765625,pequeño,708
316,11,024,52,172,3.307692308,pequeño,172
317,11,025,97,1016,10.4742268,pequeño,1016
318,11,026,254,2578,10.1496063,pequeño,2578
319,11,027,100,439,4.39,pequeño,439
320,11,028,97,483,4.979381443,pequeño,483
321,11,029,50,138,2.76,pequeño,138
322,11,030,702,6336,9.025641026,pequeño,6336
323,11,031,230,1976,8.591304348,pequeño,1976
324,11,032,121,4225,34.91735537,pequeño,4225
325,11,033,180,1946,10.81111111,pequeño,1946
326,11,034,7,20,2.857142857,pequeño,20
327,11,035,124,2415,19.47580645,pequeño,2415
328,11,036,5,23,4.6,pequeño,23
329,11,037,417,2756,6.60911271,pequeño,2756
330,11,038,24,84,3.5,pequeño,84
331,11,039,122,863,7.073770492,pequeño,863
332,11,040,13,91,7,pequeño,91
333,11,041,23,144,6.260869565,pequeño,144
334,11,042,235,943,4.012765957,pequeño,943
335,11,043,51,213,4.176470588,pequeño,213
336,11,044,53,507,9.566037736,pequeño,507
337,11,045,9,29,3.222222222,pequeño,29
338,11,046,106,246,2.320754717,pequeño,246
339,12,001,203,1418,6.985221675,pequeño,1418
340,12,002,63,289,4.587301587,pequeño,289
341,12,003,94,536,5.70212766,pequeño,536
342,12,005,5,21,4.2,pequeño,21
343,12,006,205,1524,7.434146341,pequeño,1524
344,12,007,105,609,5.8,pequeño,609
345,12,008,64,331,5.171875,pequeño,331
346,12,010,19,52,2.736842105,pequeño,52
347,12,011,126,889,7.055555556,pequeño,889
348,12,012,205,1149,5.604878049,pequeño,1149
349,12,013,325,1736,5.341538462,pequeño,1736
350,12,014,164,1732,10.56097561,pequeño,1732
351,12,015,193,1823,9.445595855,pequeño,1823
352,12,016,337,2030,6.023738872,pequeño,2030
353,12,017,59,218,3.694915254,pequeño,218
354,12,018,245,1360,5.551020408,pequeño,1360
355,12,019,29,145,5,pequeño,145
356,12,020,2,2,1,pequeño,2
357,12,021,317,2500,7.886435331,pequeño,2500
358,12,022,261,2124,8.137931034,pequeño,2124
359,12,023,541,4280,7.911275416,pequeño,4280
360,12,024,13,40,3.076923077,pequeño,40
361,12,025,107,659,6.158878505,pequeño,659
362,12,026,190,840,4.421052632,pequeño,840
363,12,027,119,923,7.756302521,pequeño,923
364,12,028,52,152,2.923076923,pequeño,152
365,12,029,150,834,5.56,pequeño,834
366,12,030,226,1922,8.504424779,pequeño,1922
367,12,031,115,500,4.347826087,pequeño,500
368,12,032,155,1207,7.787096774,pequeño,1207
369,12,033,26,106,4.076923077,pequeño,106
370,12,034,278,1708,6.143884892,pequeño,1708
371,12,035,316,2237,7.079113924,pequeño,2237
372,12,036,84,334,3.976190476,pequeño,334
373,12,037,7,87,12.42857143,pequeño,87
374,12,038,329,2340,7.112462006,pequeño,2340
375,12,039,76,569,7.486842105,pequeño,569
376,12,040,57,330,5.789473684,pequeño,330
377,12,041,4,7,1.75,pequeño,7
378,12,042,3,15,5,pequeño,15
379,12,043,10,31,3.1,pequeño,31
380,12,044,40,204,5.1,pequeño,204
381,12,045,76,458,6.026315789,pequeño,458
382,12,046,606,3576,5.900990099,pequeño,3576
383,12,047,169,723,4.278106509,pequeño,723
384,12,048,832,5380,6.466346154,pequeño,5380
385,12,049,75,278,3.706666667,pequeño,278
386,12,050,21,140,6.666666667,pequeño,140
387,12,051,65,290,4.461538462,pequeño,290
388,12,052,82,598,7.292682927,pequeño,598
389,12,053,495,3266,6.597979798,pequeño,3266
390,12,054,71,445,6.267605634,pequeño,445
391,12,055,174,716,4.114942529,pequeño,716
392,12,056,332,1746,5.259036145,pequeño,1746
393,12,057,1015,8394,8.269950739,pequeño,8394
394,12,058,434,2069,4.767281106,pequeño,2069
395,12,059,217,1478,6.811059908,pequeño,1478
396,12,060,56,170,3.035714286,pequeño,170
397,12,061,48,238,4.958333333,pequeño,238
398,12,062,96,694,7.229166667,pequeño,694
399,12,063,27,72,2.666666667,pequeño,72
400,12,064,128,1092,8.53125,pequeño,1092
401,12,065,8,25,3.125,pequeño,25
402,12,066,17,59,3.470588235,pequeño,59
403,12,067,58,442,7.620689655,pequeño,442
404,12,068,269,1796,6.676579926,pequeño,1796
405,12,069,2,11,5.5,pequeño,11
406,12,070,3,13,4.333333333,pequeño,13
407,12,071,25,105,4.2,pequeño,105
408,12,072,6,11,1.833333333,pequeño,11
409,12,073,204,2032,9.960784314,pequeño,2032
410,12,074,1,2,2,pequeño,2
411,12,075,64,424,6.625,pequeño,424
412,12,076,17,30,1.764705882,pequeño,30
413,12,077,41,236,5.756097561,pequeño,236
414,12,078,1,3,3,pequeño,3
415,12,079,10,18,1.8,pequeño,18
416,12,080,31,359,11.58064516,pequeño,359
417,12,082,75,508,6.773333333,pequeño,508
418,12,083,5,20,4,pequeño,20
419,12,084,7,19,2.714285714,pequeño,19
420,12,085,207,1540,7.439613527,pequeño,1540
421,13,001,1003,7909,7.885343968,pequeño,7909
422,13,002,163,412,2.527607362,pequeño,412
423,13,003,49,513,10.46938776,pequeño,513
424,13,004,10,16,1.6,pequeño,16
425,13,005,9,43,4.777777778,pequeño,43
426,13,006,46,138,3,pequeño,138
427,13,007,121,393,3.247933884,pequeño,393
428,13,008,159,443,2.786163522,pequeño,443
429,13,009,11,78,7.090909091,pequeño,78
430,13,011,18,36,2,pequeño,36
431,13,012,21,38,1.80952381,pequeño,38
432,13,013,4,33,8.25,pequeño,33
433,13,014,142,305,2.147887324,pequeño,305
434,13,015,37,138,3.72972973,pequeño,138
435,13,016,286,1341,4.688811189,pequeño,1341
436,13,017,54,201,3.722222222,pequeño,201
437,13,018,17,42,2.470588235,pequeño,42
438,13,019,25,126,5.04,pequeño,126
439,13,020,15,19,1.266666667,pequeño,19
440,13,021,11,26,2.363636364,pequeño,26
441,13,022,5,45,9,pequeño,45
442,13,023,41,674,16.43902439,pequeño,674
443,13,024,158,665,4.208860759,pequeño,665
444,13,025,96,128,1.333333333,pequeño,128
445,13,026,5,57,11.4,pequeño,57
446,13,027,7,32,4.571428571,pequeño,32
447,13,028,200,270,1.35,pequeño,270
448,13,029,44,114,2.590909091,pequeño,114
449,13,030,577,3478,6.027729636,pequeño,3478
450,13,031,6,9,1.5,pequeño,9
451,13,032,3,17,5.666666667,pequeño,17
452,13,033,26,99,3.807692308,pequeño,99
453,13,034,53,131,2.471698113,pequeño,131
454,13,035,344,2200,6.395348837,pequeño,2200
455,13,036,6,8,1.333333333,pequeño,8
456,13,038,4,6,1.5,pequeño,6
457,13,040,38,143,3.763157895,pequeño,143
458,13,041,86,394,4.581395349,pequeño,394
459,13,042,23,76,3.304347826,pequeño,76
460,13,043,1,2,2,pequeño,2
461,13,044,378,1746,4.619047619,pequeño,1746
462,13,045,8,19,2.375,pequeño,19
463,13,046,161,663,4.118012422,pequeño,663
464,13,047,1,4,4,pequeño,4
465,13,048,6,26,4.333333333,pequeño,26
466,13,049,18,56,3.111111111,pequeño,56
467,13,050,25,71,2.84,pequeño,71
468,13,051,10,47,4.7,pequeño,47
469,13,052,11,27,2.454545455,pequeño,27
470,13,053,12,21,1.75,pequeño,21
471,13,054,226,1523,6.738938053,pequeño,1523
472,13,055,93,584,6.279569892,pequeño,584
473,13,056,52,714,13.73076923,pequeño,714
474,13,057,101,390,3.861386139,pequeño,390
475,13,058,1,1,1,pequeño,1
476,13,059,17,53,3.117647059,pequeño,53
477,13,060,35,64,1.828571429,pequeño,64
478,13,061,39,116,2.974358974,pequeño,116
479,13,062,25,74,2.96,pequeño,74
480,13,063,46,153,3.326086957,pequeño,153
481,13,064,57,251,4.403508772,pequeño,251
482,13,065,3,13,4.333333333,pequeño,13
483,13,066,3,3,1,pequeño,3
484,13,067,122,678,5.557377049,pequeño,678
485,13,068,162,357,2.203703704,pequeño,357
486,13,070,14,32,2.285714286,pequeño,32
487,13,071,29,94,3.24137931,pequeño,94
488,13,072,2,3,1.5,pequeño,3
489,13,073,106,296,2.79245283,pequeño,296
490,13,074,9,31,3.444444444,pequeño,31
491,13,075,5,21,4.2,pequeño,21
492,13,076,61,367,6.016393443,pequeño,367
493,13,077,689,5682,8.246734398,pequeño,5682
494,13,078,2,7,3.5,pequeño,7
495,13,079,67,149,2.223880597,pequeño,149
496,13,080,15,26,1.733333333,pequeño,26
497,13,081,2,2,1,pequeño,2
498,13,082,5,12,2.4,pequeño,12
499,13,083,21,82,3.904761905,pequeño,82
500,13,084,1,2,2,pequeño,2
501,14,001,252,4605,18.27380952,pequeño,4605
502,14,002,73,316,4.328767123,pequeño,316
503,14,003,21,72,3.428571429,pequeño,72
504,14,004,47,225,4.787234043,pequeño,225
505,14,005,27,124,4.592592593,pequeño,124
506,14,006,452,1142,2.526548673,pequeño,1142
507,14,007,46,249,5.413043478,pequeño,249
508,14,008,265,6278,23.69056604,pequeño,6278
509,14,009,27,134,4.962962963,pequeño,134
510,14,010,112,968,8.642857143,pequeño,968
511,14,011,319,1399,4.385579937,pequeño,1399
512,14,012,186,898,4.827956989,pequeño,898
513,14,013,132,1289,9.765151515,pequeño,1289
514,14,014,155,758,4.890322581,pequeño,758
515,14,015,178,1220,6.853932584,pequeño,1220
516,14,016,51,330,6.470588235,pequeño,330
517,14,017,404,1720,4.257425743,pequeño,1720
518,14,018,229,2202,9.615720524,pequeño,2202
519,14,019,45,356,7.911111111,pequeño,356
520,14,020,68,659,9.691176471,pequeño,659
521,14,021,133,686,5.157894737,pequeño,686
522,14,022,47,232,4.936170213,pequeño,232
523,14,023,37,744,20.10810811,pequeño,744
524,14,024,297,539,1.814814815,pequeño,539
525,14,025,370,2031,5.489189189,pequeño,2031
526,14,026,288,2465,8.559027778,pequeño,2465
527,14,027,204,1467,7.191176471,pequeño,1467
528,14,028,100,825,8.25,pequeño,825
529,14,029,203,704,3.467980296,pequeño,704
530,14,030,44,293,6.659090909,pequeño,293
531,14,031,161,817,5.074534161,pequeño,817
532,14,032,66,308,4.666666667,pequeño,308
533,14,033,164,763,4.652439024,pequeño,763
534,14,034,23,80,3.47826087,pequeño,80
535,14,035,757,47779,63.11624835,mediano,47779
536,14,036,100,656,6.56,pequeño,656
537,14,037,20,138,6.9,pequeño,138
538,14,038,215,1249,5.809302326,pequeño,1249
539,14,040,56,193,3.446428571,pequeño,193
540,14,041,131,557,4.251908397,pequeño,557
541,14,042,454,1769,3.896475771,pequeño,1769
542,14,043,207,1029,4.971014493,pequeño,1029
543,14,044,141,929,6.588652482,pequeño,929
544,14,045,232,1287,5.547413793,pequeño,1287
545,14,046,442,19890,45,mediano,19890
546,14,047,110,1368,12.43636364,pequeño,1368
547,14,048,116,988,8.517241379,pequeño,988
548,14,049,875,14087,16.09942857,pequeño,14087
549,14,050,130,875,6.730769231,pequeño,875
550,14,051,92,930,10.10869565,pequeño,930
551,14,052,24,66,2.75,pequeño,66
552,14,053,1563,36038,23.05694178,pequeño,36038
553,14,054,34,169,4.970588235,pequeño,169
554,14,055,70,601,8.585714286,pequeño,601
555,14,056,306,3461,11.31045752,pequeño,3461
556,14,057,305,3169,10.39016393,pequeño,3169
557,14,058,286,1194,4.174825175,pequeño,1194
558,14,059,178,1463,8.219101124,pequeño,1463
559,14,060,50,494,9.88,pequeño,494
560,14,061,383,1980,5.169712794,pequeño,1980
561,14,062,104,288,2.769230769,pequeño,288
562,14,063,144,1643,11.40972222,pequeño,1643
563,14,064,174,1024,5.885057471,pequeño,1024
564,14,065,263,2193,8.338403042,pequeño,2193
565,14,066,160,1521,9.50625,pequeño,1521
566,14,067,110,831,7.554545455,pequeño,831
567,14,068,477,2386,5.002096436,pequeño,2386
568,14,069,510,3252,6.376470588,pequeño,3252
569,14,070,5,62,12.4,pequeño,62
570,14,071,108,696,6.444444444,pequeño,696
571,14,072,94,2423,25.77659574,pequeño,2423
572,14,073,651,48275,74.15514593,mediano,48275
573,14,074,226,9808,43.39823009,mediano,9808
574,14,075,57,248,4.350877193,pequeño,248
575,14,076,75,414,5.52,pequeño,414
576,14,077,66,221,3.348484848,pequeño,221
577,14,078,486,17967,36.9691358,mediano,17967
578,14,079,112,857,7.651785714,pequeño,857
579,14,080,140,482,3.442857143,pequeño,482
580,14,081,140,592,4.228571429,pequeño,592
581,14,082,50,392,7.84,pequeño,392
582,14,083,47,302,6.425531915,pequeño,302
583,14,084,268,1310,4.888059701,pequeño,1310
584,14,085,980,9311,9.501020408,pequeño,9311
585,14,086,66,551,8.348484848,pequeño,551
586,14,087,492,5776,11.7398374,pequeño,5776
587,14,088,172,763,4.436046512,pequeño,763
588,14,089,19,127,6.684210526,pequeño,127
589,14,090,227,741,3.264317181,pequeño,741
590,14,091,234,3727,15.92735043,pequeño,3727
591,14,092,220,1150,5.227272727,pequeño,1150
592,14,093,825,17264,20.92606061,pequeño,17264
593,14,094,105,560,5.333333333,pequeño,560
594,14,095,20,117,5.85,pequeño,117
595,14,096,436,4142,9.5,pequeño,4142
596,14,097,153,1208,7.895424837,pequeño,1208
597,14,098,10,39,3.9,pequeño,39
598,14,099,52,274,5.269230769,pequeño,274
599,14,100,559,4777,8.545617174,pequeño,4777
600,14,101,14,144,10.28571429,pequeño,144
601,14,102,50,204,4.08,pequeño,204
602,14,103,64,474,7.40625,pequeño,474
603,14,104,272,1318,4.845588235,pequeño,1318
604,14,105,154,8829,57.33116883,mediano,8829
605,14,106,30,147,4.9,pequeño,147
606,14,107,420,2140,5.095238095,pequeño,2140
607,14,108,300,1413,4.71,pequeño,1413
608,14,109,662,10798,16.31117825,pequeño,10798
609,14,110,527,1362,2.584440228,pequeño,1362
610,14,111,152,5428,35.71052632,mediano,5428
611,14,112,312,3480,11.15384615,pequeño,3480
612,14,113,73,274,3.753424658,pequeño,274
613,14,114,52,207,3.980769231,pequeño,207
614,14,115,242,1290,5.330578512,pequeño,1290
615,14,116,39,377,9.666666667,pequeño,377
616,14,117,89,1302,14.62921348,pequeño,1302
617,14,118,234,853,3.645299145,pequeño,853
618,14,119,98,511,5.214285714,pequeño,511
619,14,120,110,688,6.254545455,pequeño,688
620,14,121,167,1471,8.808383234,pequeño,1471
621,14,122,30,140,4.666666667,pequeño,140
622,14,123,317,3661,11.5488959,pequeño,3661
623,14,124,615,10817,17.58861789,pequeño,10817
624,14,125,150,3403,22.68666667,pequeño,3403
625,15,001,414,1429,3.451690821,pequeño,1429
626,15,002,36,305,8.472222222,pequeño,305
627,15,003,1658,5976,3.604342581,pequeño,5976
628,15,004,90,157,1.744444444,pequeño,157
629,15,005,679,1817,2.675994109,pequeño,1817
630,15,006,6,20,3.333333333,pequeño,20
631,15,007,12,32,2.666666667,pequeño,32
632,15,008,386,1652,4.279792746,pequeño,1652
633,15,009,56,321,5.732142857,pequeño,321
634,15,010,26,592,22.76923077,pequeño,592
635,15,011,79,674,8.53164557,pequeño,674
636,15,012,3,18,6,pequeño,18
637,15,013,2,5,2.5,pequeño,5
638,15,014,62,240,3.870967742,pequeño,240
639,15,015,23,59,2.565217391,pequeño,59
640,15,016,15,72,4.8,pequeño,72
641,15,017,73,371,5.082191781,pequeño,371
642,15,018,22,80,3.636363636,pequeño,80
643,15,019,9,27,3,pequeño,27
644,15,020,3,24,8,pequeño,24
645,15,021,15,67,4.466666667,pequeño,67
646,15,022,6,32,5.333333333,pequeño,32
647,15,023,5,18,3.6,pequeño,18
648,15,024,69,1332,19.30434783,pequeño,1332
649,15,025,143,891,6.230769231,pequeño,891
650,15,026,85,388,4.564705882,pequeño,388
651,15,027,10,45,4.5,pequeño,45
652,15,028,15,145,9.666666667,pequeño,145
653,15,029,19,76,4,pequeño,76
654,15,031,5,68,13.6,pequeño,68
655,15,032,6,8,1.333333333,pequeño,8
656,15,033,1,2,2,pequeño,2
657,15,034,1,2,2,pequeño,2
658,15,035,33,204,6.181818182,pequeño,204
659,15,036,13,120,9.230769231,pequeño,120
660,15,037,6,40,6.666666667,pequeño,40
661,15,038,19,42,2.210526316,pequeño,42
662,15,039,45,653,14.51111111,pequeño,653
663,15,040,22,82,3.727272727,pequeño,82
664,15,041,5,10,2,pequeño,10
665,15,042,180,540,3,pequeño,540
666,15,043,9,24,2.666666667,pequeño,24
667,15,044,4,14,3.5,pequeño,14
668,15,045,948,3687,3.889240506,pequeño,3687
669,15,046,5,16,3.2,pequeño,16
670,15,047,80,366,4.575,pequeño,366
671,15,048,101,303,3,pequeño,303
672,15,049,3,7,2.333333333,pequeño,7
673,15,050,18,63,3.5,pequeño,63
674,15,051,83,341,4.108433735,pequeño,341
675,15,052,21,74,3.523809524,pequeño,74
676,15,053,50,686,13.72,pequeño,686
677,15,054,30,100,3.333333333,pequeño,100
678,15,055,4,9,2.25,pequeño,9
679,15,056,48,296,6.166666667,pequeño,296
680,15,057,5,36,7.2,pequeño,36
681,15,058,9,135,15,pequeño,135
682,15,059,46,393,8.543478261,pequeño,393
683,15,060,20,44,2.2,pequeño,44
684,15,061,1,2,2,pequeño,2
685,15,062,27,85,3.148148148,pequeño,85
686,15,063,11,28,2.545454545,pequeño,28
687,15,064,64,126,1.96875,pequeño,126
688,15,065,8,28,3.5,pequeño,28
689,15,066,27,71,2.62962963,pequeño,71
690,15,067,33,66,2,pequeño,66
691,15,068,12,45,3.75,pequeño,45
692,15,069,5,46,9.2,pequeño,46
693,15,070,3,51,17,pequeño,51
694,15,071,244,1278,5.237704918,pequeño,1278
695,15,072,28,95,3.392857143,pequeño,95
696,15,073,9,30,3.333333333,pequeño,30
697,15,074,54,106,1.962962963,pequeño,106
698,15,075,4,16,4,pequeño,16
699,15,076,10,20,2,pequeño,20
700,15,077,25,40,1.6,pequeño,40
701,15,078,7,16,2.285714286,pequeño,16
702,15,079,326,1421,4.358895706,pequeño,1421
703,15,080,107,256,2.392523364,pequeño,256
704,15,081,48,433,9.020833333,pequeño,433
705,15,082,160,684,4.275,pequeño,684
706,15,083,11,64,5.818181818,pequeño,64
707,15,084,28,88,3.142857143,pequeño,88
708,15,085,156,611,3.916666667,pequeño,611
709,15,086,152,359,2.361842105,pequeño,359
710,15,087,53,161,3.037735849,pequeño,161
711,15,088,36,117,3.25,pequeño,117
712,15,089,10,45,4.5,pequeño,45
713,15,090,28,93,3.321428571,pequeño,93
714,15,091,82,1060,12.92682927,pequeño,1060
715,15,092,20,96,4.8,pequeño,96
716,15,093,15,82,5.466666667,pequeño,82
717,15,094,1,3,3,pequeño,3
718,15,095,39,174,4.461538462,pequeño,174
719,15,096,150,4014,26.76,pequeño,4014
720,15,097,105,182,1.733333333,pequeño,182
721,15,098,2,10,5,pequeño,10
722,15,099,134,1829,13.64925373,pequeño,1829
723,15,101,55,162,2.945454545,pequeño,162
724,15,102,162,471,2.907407407,pequeño,471
725,15,103,31,180,5.806451613,pequeño,180
726,15,105,330,1811,5.487878788,pequeño,1811
727,15,106,100,253,2.53,pequeño,253
728,15,107,7,27,3.857142857,pequeño,27
729,15,108,37,328,8.864864865,pequeño,328
730,15,109,13,201,15.46153846,pequeño,201
731,15,110,50,128,2.56,pequeño,128
732,15,111,41,71,1.731707317,pequeño,71
733,15,112,63,135,2.142857143,pequeño,135
734,15,113,10,24,2.4,pequeño,24
735,15,114,218,399,1.830275229,pequeño,399
736,15,115,8,21,2.625,pequeño,21
737,15,116,34,250,7.352941176,pequeño,250
738,15,117,32,75,2.34375,pequeño,75
739,15,118,59,117,1.983050847,pequeño,117
740,15,119,5,9,1.8,pequeño,9
741,15,120,231,2492,10.78787879,pequeño,2492
742,15,121,19,129,6.789473684,pequeño,129
743,15,122,18,96,5.333333333,pequeño,96
744,15,123,119,458,3.848739496,pequeño,458
745,15,124,82,166,2.024390244,pequeño,166
746,15,125,16,122,7.625,pequeño,122
747,16,001,41,133,3.243902439,pequeño,133
748,16,002,274,2446,8.927007299,pequeño,2446
749,16,003,121,612,5.05785124,pequeño,612
750,16,004,78,190,2.435897436,pequeño,190
751,16,005,51,108,2.117647059,pequeño,108
752,16,006,184,1427,7.755434783,pequeño,1427
753,16,007,6,13,2.166666667,pequeño,13
754,16,008,267,1907,7.142322097,pequeño,1907
755,16,009,117,407,3.478632479,pequeño,407
756,16,010,694,5124,7.383285303,pequeño,5124
757,16,011,26,278,10.69230769,pequeño,278
758,16,012,256,3111,12.15234375,pequeño,3111
759,16,013,56,699,12.48214286,pequeño,699
760,16,014,28,253,9.035714286,pequeño,253
761,16,015,372,2628,7.064516129,pequeño,2628
762,16,016,121,278,2.297520661,pequeño,278
763,16,017,231,568,2.458874459,pequeño,568
764,16,018,34,80,2.352941176,pequeño,80
765,16,019,178,1155,6.488764045,pequeño,1155
766,16,020,57,151,2.649122807,pequeño,151
767,16,021,19,46,2.421052632,pequeño,46
768,16,022,30,144,4.8,pequeño,144
769,16,023,21,128,6.095238095,pequeño,128
770,16,024,29,99,3.413793103,pequeño,99
771,16,025,33,115,3.484848485,pequeño,115
772,16,026,227,1045,4.603524229,pequeño,1045
773,16,027,57,166,2.912280702,pequeño,166
774,16,028,20,44,2.2,pequeño,44
775,16,029,227,1437,6.330396476,pequeño,1437
776,16,030,38,256,6.736842105,pequeño,256
777,16,031,164,458,2.792682927,pequeño,458
778,16,032,68,175,2.573529412,pequeño,175
779,16,033,66,681,10.31818182,pequeño,681
780,16,034,185,583,3.151351351,pequeño,583
781,16,035,459,2475,5.392156863,pequeño,2475
782,16,036,28,105,3.75,pequeño,105
783,16,037,112,258,2.303571429,pequeño,258
784,16,038,251,1958,7.800796813,pequeño,1958
785,16,039,36,101,2.805555556,pequeño,101
786,16,040,58,158,2.724137931,pequeño,158
787,16,041,63,169,2.682539683,pequeño,169
788,16,042,65,1017,15.64615385,pequeño,1017
789,16,043,13,203,15.61538462,pequeño,203
790,16,044,45,91,2.022222222,pequeño,91
791,16,045,162,2117,13.06790123,pequeño,2117
792,16,046,11,27,2.454545455,pequeño,27
793,16,047,18,38,2.111111111,pequeño,38
794,16,048,16,46,2.875,pequeño,46
795,16,049,132,506,3.833333333,pequeño,506
796,16,050,478,1582,3.309623431,pequeño,1582
797,16,051,275,4532,16.48,pequeño,4532
798,16,052,272,2269,8.341911765,pequeño,2269
799,16,053,340,1261,3.708823529,pequeño,1261
800,16,054,126,283,2.246031746,pequeño,283
801,16,055,49,392,8,pequeño,392
802,16,056,67,218,3.253731343,pequeño,218
803,16,057,76,363,4.776315789,pequeño,363
804,16,058,32,64,2,pequeño,64
805,16,059,28,139,4.964285714,pequeño,139
806,16,060,27,74,2.740740741,pequeño,74
807,16,061,73,114,1.561643836,pequeño,114
808,16,062,59,399,6.762711864,pequeño,399
809,16,063,38,88,2.315789474,pequeño,88
810,16,064,54,458,8.481481481,pequeño,458
811,16,065,31,127,4.096774194,pequeño,127
812,16,066,87,284,3.264367816,pequeño,284
813,16,067,77,215,2.792207792,pequeño,215
814,16,068,13,62,4.769230769,pequeño,62
815,16,069,37,152,4.108108108,pequeño,152
816,16,070,29,131,4.517241379,pequeño,131
817,16,071,168,401,2.386904762,pequeño,401
818,16,072,44,178,4.045454545,pequeño,178
819,16,073,55,259,4.709090909,pequeño,259
820,16,074,94,1167,12.41489362,pequeño,1167
821,16,075,40,118,2.95,pequeño,118
822,16,076,87,1101,12.65517241,pequeño,1101
823,16,077,33,213,6.454545455,pequeño,213
824,16,078,13,33,2.538461538,pequeño,33
825,16,079,91,249,2.736263736,pequeño,249
826,16,080,93,200,2.150537634,pequeño,200
827,16,081,10,36,3.6,pequeño,36
828,16,082,198,755,3.813131313,pequeño,755
829,16,083,60,224,3.733333333,pequeño,224
830,16,084,118,862,7.305084746,pequeño,862
831,16,085,118,992,8.406779661,pequeño,992
832,16,086,93,1012,10.88172043,pequeño,1012
833,16,087,67,367,5.47761194,pequeño,367
834,16,088,305,1648,5.403278689,pequeño,1648
835,16,089,348,6419,18.4454023,pequeño,6419
836,16,090,11,22,2,pequeño,22
837,16,091,9,62,6.888888889,pequeño,62
838,16,092,159,1363,8.572327044,pequeño,1363
839,16,093,63,116,1.841269841,pequeño,116
840,16,094,71,327,4.605633803,pequeño,327
841,16,095,19,290,15.26315789,pequeño,290
842,16,096,79,1027,13,pequeño,1027
843,16,097,437,2269,5.19221968,pequeño,2269
844,16,098,51,136,2.666666667,pequeño,136
845,16,099,55,364,6.618181818,pequeño,364
846,16,100,85,339,3.988235294,pequeño,339
847,16,101,56,265,4.732142857,pequeño,265
848,16,102,63,300,4.761904762,pequeño,300
849,16,103,211,2171,10.28909953,pequeño,2171
850,16,104,181,959,5.298342541,pequeño,959
851,16,105,48,415,8.645833333,pequeño,415
852,16,106,23,189,8.217391304,pequeño,189
853,16,107,121,462,3.818181818,pequeño,462
854,16,108,91,607,6.67032967,pequeño,607
855,16,109,13,25,1.923076923,pequeño,25
856,16,110,144,407,2.826388889,pequeño,407
857,16,111,4,20,5,pequeño,20
858,16,112,89,268,3.011235955,pequeño,268
859,16,113,80,145,1.8125,pequeño,145
860,17,001,85,907,10.67058824,pequeño,907
861,17,002,4,63,15.75,pequeño,63
862,17,003,44,357,8.113636364,pequeño,357
863,17,004,107,539,5.037383178,pequeño,539
864,17,005,66,564,8.545454545,pequeño,564
865,17,006,43,389,9.046511628,pequeño,389
866,17,007,21,110,5.238095238,pequeño,110
867,17,008,24,81,3.375,pequeño,81
868,17,009,9,47,5.222222222,pequeño,47
869,17,010,18,58,3.222222222,pequeño,58
870,17,011,5,17,3.4,pequeño,17
871,17,012,63,487,7.73015873,pequeño,487
872,17,013,29,125,4.310344828,pequeño,125
873,17,014,24,363,15.125,pequeño,363
874,17,015,33,160,4.848484848,pequeño,160
875,17,016,48,327,6.8125,pequeño,327
876,17,017,116,943,8.129310345,pequeño,943
877,17,018,40,278,6.95,pequeño,278
878,17,019,82,394,4.804878049,pequeño,394
879,17,020,14,65,4.642857143,pequeño,65
880,17,021,47,449,9.553191489,pequeño,449
881,17,022,5,9,1.8,pequeño,9
882,17,023,2,9,4.5,pequeño,9
883,17,024,25,121,4.84,pequeño,121
884,17,025,186,1049,5.639784946,pequeño,1049
885,17,026,3,59,19.66666667,pequeño,59
886,17,027,3,9,3,pequeño,9
887,17,028,21,116,5.523809524,pequeño,116
888,17,029,28,152,5.428571429,pequeño,152
889,17,030,125,811,6.488,pequeño,811
890,17,031,14,141,10.07142857,pequeño,141
891,17,032,14,59,4.214285714,pequeño,59
892,17,033,14,42,3,pequeño,42
893,17,034,3,4,1.333333333,pequeño,4
894,17,035,3,26,8.666666667,pequeño,26
895,17,036,5,10,2,pequeño,10
896,18,001,126,477,3.785714286,pequeño,477
897,18,002,84,339,4.035714286,pequeño,339
898,18,003,192,857,4.463541667,pequeño,857
899,18,004,420,1677,3.992857143,pequeño,1677
900,18,005,86,327,3.802325581,pequeño,327
901,18,006,62,348,5.612903226,pequeño,348
902,18,007,120,402,3.35,pequeño,402
903,18,008,75,414,5.52,pequeño,414
904,18,009,462,2742,5.935064935,pequeño,2742
905,18,010,399,2092,5.243107769,pequeño,2092
906,18,011,108,649,6.009259259,pequeño,649
907,18,012,80,449,5.6125,pequeño,449
908,18,013,105,612,5.828571429,pequeño,612
909,18,014,200,916,4.58,pequeño,916
910,18,015,471,2966,6.297239915,pequeño,2966
911,18,016,148,778,5.256756757,pequeño,778
912,18,017,334,1238,3.706586826,pequeño,1238
913,18,018,160,1786,11.1625,pequeño,1786
914,18,019,438,3520,8.03652968,pequeño,3520
915,18,020,131,675,5.152671756,pequeño,675
916,19,001,2,7,3.5,pequeño,7
917,19,002,16,186,11.625,pequeño,186
918,19,003,5,5,1,pequeño,5
919,19,004,1,1,1,pequeño,1
920,19,005,28,99,3.535714286,pequeño,99
921,19,006,1,16,16,pequeño,16
922,19,007,46,112,2.434782609,pequeño,112
923,19,009,16,62,3.875,pequeño,62
924,19,010,1,1,1,pequeño,1
925,19,011,3,3,1,pequeño,3
926,19,012,1,4,4,pequeño,4
927,19,013,50,401,8.02,pequeño,401
928,19,014,134,434,3.23880597,pequeño,434
929,19,015,1,1,1,pequeño,1
930,19,016,3,116,38.66666667,mediano,116
931,19,017,67,157,2.343283582,pequeño,157
932,19,018,5,30,6,pequeño,30
933,19,020,30,104,3.466666667,pequeño,104
934,19,022,16,28,1.75,pequeño,28
935,19,023,3,3,1,pequeño,3
936,19,024,12,33,2.75,pequeño,33
937,19,025,5,95,19,pequeño,95
938,19,027,3,7,2.333333333,pequeño,7
939,19,028,2,4,2,pequeño,4
940,19,029,13,31,2.384615385,pequeño,31
941,19,030,1,1,1,pequeño,1
942,19,031,3,9,3,pequeño,9
943,19,032,9,24,2.666666667,pequeño,24
944,19,033,66,284,4.303030303,pequeño,284
945,19,034,3,37,12.33333333,pequeño,37
946,19,035,1,1,1,pequeño,1
947,19,036,7,16,2.285714286,pequeño,16
948,19,037,3,66,22,pequeño,66
949,19,038,18,56,3.111111111,pequeño,56
950,19,040,11,67,6.090909091,pequeño,67
951,19,041,6,70,11.66666667,pequeño,70
952,19,042,15,150,10,pequeño,150
953,19,044,4,43,10.75,pequeño,43
954,19,045,8,56,7,pequeño,56
955,19,047,1,2,2,pequeño,2
956,19,048,4,17,4.25,pequeño,17
957,19,050,13,62,4.769230769,pequeño,62
958,19,051,3,3,1,pequeño,3
959,20,002,54,245,4.537037037,pequeño,245
960,20,005,361,2271,6.290858726,pequeño,2271
961,20,006,4,31,7.75,pequeño,31
962,20,007,1,1,1,pequeño,1
963,20,008,2,19,9.5,pequeño,19
964,20,009,1,4,4,pequeño,4
965,20,010,13,110,8.461538462,pequeño,110
966,20,011,10,27,2.7,pequeño,27
967,20,012,3,10,3.333333333,pequeño,10
968,20,013,54,217,4.018518519,pequeño,217
969,20,014,10,104,10.4,pequeño,104
970,20,015,1,1,1,pequeño,1
971,20,017,1,5,5,pequeño,5
972,20,019,8,10,1.25,pequeño,10
973,20,020,1,4,4,pequeño,4
974,20,021,2,10,5,pequeño,10
975,20,023,7,26,3.714285714,pequeño,26
976,20,024,2,4,2,pequeño,4
977,20,025,6,37,6.166666667,pequeño,37
978,20,026,4,7,1.75,pequeño,7
979,20,027,4,8,2,pequeño,8
980,20,028,61,136,2.229508197,pequeño,136
981,20,030,136,1228,9.029411765,pequeño,1228
982,20,033,22,85,3.863636364,pequeño,85
983,20,034,3,13,4.333333333,pequeño,13
984,20,036,7,51,7.285714286,pequeño,51
985,20,037,21,111,5.285714286,pequeño,111
986,20,039,6,44,7.333333333,pequeño,44
987,20,043,495,3811,7.698989899,pequeño,3811
988,20,044,474,3503,7.390295359,pequeño,3503
989,20,045,36,88,2.444444444,pequeño,88
990,20,046,1,2,2,pequeño,2
991,20,050,1,1,1,pequeño,1
992,20,051,1,1,1,pequeño,1
993,20,052,13,178,13.69230769,pequeño,178
994,20,053,1,6,6,pequeño,6
995,20,054,1,1,1,pequeño,1
996,20,055,3,11,3.666666667,pequeño,11
997,20,056,26,195,7.5,pequeño,195
998,20,057,530,3520,6.641509434,pequeño,3520
999,20,059,6,30,5,pequeño,30
1000,20,061,2,6,3,pequeño,6
1001,20,063,15,53,3.533333333,pequeño,53
1002,20,064,21,126,6,pequeño,126
1003,20,066,92,834,9.065217391,pequeño,834
1004,20,067,1,4,4,pequeño,4
1005,20,068,27,102,3.777777778,pequeño,102
1006,20,069,1,2,2,pequeño,2
1007,20,070,23,203,8.826086957,pequeño,203
1008,20,071,3,14,4.666666667,pequeño,14
1009,20,072,8,27,3.375,pequeño,27
1010,20,073,86,455,5.290697674,pequeño,455
1011,20,075,26,171,6.576923077,pequeño,171
1012,20,076,30,136,4.533333333,pequeño,136
1013,20,077,74,368,4.972972973,pequeño,368
1014,20,078,39,220,5.641025641,pequeño,220
1015,20,079,1,3,3,pequeño,3
1016,20,080,3,6,2,pequeño,6
1017,20,081,1,3,3,pequeño,3
1018,20,082,17,137,8.058823529,pequeño,137
1019,20,083,1,1,1,pequeño,1
1020,20,084,10,35,3.5,pequeño,35
1021,20,088,26,73,2.807692308,pequeño,73
1022,20,090,16,159,9.9375,pequeño,159
1023,20,092,10,26,2.6,pequeño,26
1024,20,096,5,11,2.2,pequeño,11
1025,20,098,19,101,5.315789474,pequeño,101
1026,20,102,35,100,2.857142857,pequeño,100
1027,20,103,5,19,3.8,pequeño,19
1028,20,107,1,1,1,pequeño,1
1029,20,108,8,16,2,pequeño,16
1030,20,111,14,111,7.928571429,pequeño,111
1031,20,113,1,1,1,pequeño,1
1032,20,115,3,22,7.333333333,pequeño,22
1033,20,121,2,4,2,pequeño,4
1034,20,124,74,545,7.364864865,pequeño,545
1035,20,125,62,373,6.016129032,pequeño,373
1036,20,129,1,6,6,pequeño,6
1037,20,130,21,76,3.619047619,pequeño,76
1038,20,132,4,13,3.25,pequeño,13
1039,20,134,68,136,2,pequeño,136
1040,20,135,34,97,2.852941176,pequeño,97
1041,20,136,2,13,6.5,pequeño,13
1042,20,137,2,5,2.5,pequeño,5
1043,20,139,15,41,2.733333333,pequeño,41
1044,20,141,50,614,12.28,pequeño,614
1045,20,143,87,651,7.482758621,pequeño,651
1046,20,145,4,10,2.5,pequeño,10
1047,20,150,5,13,2.6,pequeño,13
1048,20,153,6,84,14,pequeño,84
1049,20,155,3,5,1.666666667,pequeño,5
1050,20,158,15,72,4.8,pequeño,72
1051,20,159,15,70,4.666666667,pequeño,70
1052,20,162,2,3,1.5,pequeño,3
1053,20,164,4,9,2.25,pequeño,9
1054,20,166,1,3,3,pequeño,3
1055,20,168,66,257,3.893939394,pequeño,257
1056,20,174,7,22,3.142857143,pequeño,22
1057,20,176,1,1,1,pequeño,1
1058,20,177,1,2,2,pequeño,2
1059,20,178,9,39,4.333333333,pequeño,39
1060,20,180,115,332,2.886956522,pequeño,332
1061,20,182,4,23,5.75,pequeño,23
1062,20,183,3,12,4,pequeño,12
1063,20,184,425,2455,5.776470588,pequeño,2455
1064,20,185,105,483,4.6,pequeño,483
1065,20,188,56,237,4.232142857,pequeño,237
1066,20,190,210,2060,9.80952381,pequeño,2060
1067,20,192,5,9,1.8,pequeño,9
1068,20,193,24,70,2.916666667,pequeño,70
1069,20,197,2,2,1,pequeño,2
1070,20,198,206,1292,6.27184466,pequeño,1292
1071,20,199,1,3,3,pequeño,3
1072,20,200,3,16,5.333333333,pequeño,16
1073,20,202,19,102,5.368421053,pequeño,102
1074,20,203,1,1,1,pequeño,1
1075,20,204,1,5,5,pequeño,5
1076,20,205,16,68,4.25,pequeño,68
1077,20,207,116,534,4.603448276,pequeño,534
1078,20,210,14,16,1.142857143,pequeño,16
1079,20,213,13,46,3.538461538,pequeño,46
1080,20,215,3,6,2,pequeño,6
1081,20,219,4,6,1.5,pequeño,6
1082,20,221,2,6,3,pequeño,6
1083,20,224,3,7,2.333333333,pequeño,7
1084,20,225,41,94,2.292682927,pequeño,94
1085,20,227,69,242,3.507246377,pequeño,242
1086,20,230,10,61,6.1,pequeño,61
1087,20,232,91,336,3.692307692,pequeño,336
1088,20,237,1,4,4,pequeño,4
1089,20,238,1,5,5,pequeño,5
1090,20,242,1,10,10,pequeño,10
1091,20,250,23,73,3.173913043,pequeño,73
1092,20,252,1,1,1,pequeño,1
1093,20,258,1,1,1,pequeño,1
1094,20,265,35,225,6.428571429,pequeño,225
1095,20,266,3,13,4.333333333,pequeño,13
1096,20,268,1,1,1,pequeño,1
1097,20,269,10,20,2,pequeño,20
1098,20,272,8,38,4.75,pequeño,38
1099,20,273,2,7,3.5,pequeño,7
1100,20,274,1,1,1,pequeño,1
1101,20,275,1,5,5,pequeño,5
1102,20,277,16,70,4.375,pequeño,70
1103,20,278,34,125,3.676470588,pequeño,125
1104,20,281,1,5,5,pequeño,5
1105,20,282,16,59,3.6875,pequeño,59
1106,20,284,1,1,1,pequeño,1
1107,20,285,212,1246,5.877358491,pequeño,1246
1108,20,289,1,1,1,pequeño,1
1109,20,291,3,8,2.666666667,pequeño,8
1110,20,293,26,101,3.884615385,pequeño,101
1111,20,294,18,67,3.722222222,pequeño,67
1112,20,295,58,311,5.362068966,pequeño,311
1113,20,298,5,19,3.8,pequeño,19
1114,20,300,46,319,6.934782609,pequeño,319
1115,20,301,4,12,3,pequeño,12
1116,20,302,27,183,6.777777778,pequeño,183
1117,20,305,27,215,7.962962963,pequeño,215
1118,20,307,1,2,2,pequeño,2
1119,20,309,12,96,8,pequeño,96
1120,20,310,16,27,1.6875,pequeño,27
1121,20,312,129,407,3.15503876,pequeño,407
1122,20,314,7,38,5.428571429,pequeño,38
1123,20,316,1,2,2,pequeño,2
1124,20,318,58,643,11.0862069,pequeño,643
1125,20,324,5,14,2.8,pequeño,14
1126,20,327,158,1296,8.202531646,pequeño,1296
1127,20,328,4,21,5.25,pequeño,21
1128,20,330,21,91,4.333333333,pequeño,91
1129,20,332,3,5,1.666666667,pequeño,5
1130,20,333,1,8,8,pequeño,8
1131,20,334,227,3498,15.40969163,pequeño,3498
1132,20,338,16,44,2.75,pequeño,44
1133,20,339,13,22,1.692307692,pequeño,22
1134,20,340,2,8,4,pequeño,8
1135,20,341,1,1,1,pequeño,1
1136,20,342,1,1,1,pequeño,1
1137,20,343,46,94,2.043478261,pequeño,94
1138,20,345,151,678,4.490066225,pequeño,678
1139,20,348,3,5,1.666666667,pequeño,5
1140,20,349,3,7,2.333333333,pequeño,7
1141,20,351,1,1,1,pequeño,1
1142,20,355,3,18,6,pequeño,18
1143,20,357,1,25,25,pequeño,25
1144,20,358,4,8,2,pequeño,8
1145,20,360,3,7,2.333333333,pequeño,7
1146,20,364,38,435,11.44736842,pequeño,435
1147,20,366,2,4,2,pequeño,4
1148,20,367,109,387,3.550458716,pequeño,387
1149,20,369,9,16,1.777777778,pequeño,16
1150,20,376,2,18,9,pequeño,18
1151,20,377,34,64,1.882352941,pequeño,64
1152,20,378,5,26,5.2,pequeño,26
1153,20,381,1,10,10,pequeño,10
1154,20,382,1,1,1,pequeño,1
1155,20,385,9,41,4.555555556,pequeño,41
1156,20,386,122,501,4.106557377,pequeño,501
1157,20,387,48,139,2.895833333,pequeño,139
1158,20,389,2,7,3.5,pequeño,7
1159,20,392,3,3,1,pequeño,3
1160,20,397,398,1125,2.826633166,pequeño,1125
1161,20,398,2,3,1.5,pequeño,3
1162,20,399,25,49,1.96,pequeño,49
1163,20,401,10,157,15.7,pequeño,157
1164,20,402,104,403,3.875,pequeño,403
1165,20,403,4,10,2.5,pequeño,10
1166,20,404,10,19,1.9,pequeño,19
1167,20,406,2,15,7.5,pequeño,15
1168,20,407,107,830,7.757009346,pequeño,830
1169,20,409,3,6,2,pequeño,6
1170,20,410,5,73,14.6,pequeño,73
1171,20,411,30,88,2.933333333,pequeño,88
1172,20,412,25,165,6.6,pequeño,165
1173,20,413,14,68,4.857142857,pequeño,68
1174,20,414,264,1357,5.140151515,pequeño,1357
1175,20,415,64,404,6.3125,pequeño,404
1176,20,417,29,131,4.517241379,pequeño,131
1177,20,418,2,7,3.5,pequeño,7
1178,20,419,15,35,2.333333333,pequeño,35
1179,20,421,2,8,4,pequeño,8
1180,20,427,18,170,9.444444444,pequeño,170
1181,20,429,6,16,2.666666667,pequeño,16
1182,20,431,1,2,2,pequeño,2
1183,20,433,1,6,6,pequeño,6
1184,20,435,1,1,1,pequeño,1
1185,20,438,3,4,1.333333333,pequeño,4
1186,20,439,23,253,11,pequeño,253
1187,20,441,48,308,6.416666667,pequeño,308
1188,20,447,67,373,5.567164179,pequeño,373
1189,20,449,8,38,4.75,pequeño,38
1190,20,450,1,4,4,pequeño,4
1191,20,459,3,26,8.666666667,pequeño,26
1192,20,461,1,4,4,pequeño,4
1193,20,464,3,9,3,pequeño,9
1194,20,465,2,11,5.5,pequeño,11
1195,20,466,90,325,3.611111111,pequeño,325
1196,20,467,389,2037,5.236503856,pequeño,2037
1197,20,468,21,70,3.333333333,pequeño,70
1198,20,469,4,8,2,pequeño,8
1199,20,470,16,100,6.25,pequeño,100
1200,20,472,1,1,1,pequeño,1
1201,20,474,112,462,4.125,pequeño,462
1202,20,477,6,38,6.333333333,pequeño,38
1203,20,482,780,3876,4.969230769,pequeño,3876
1204,20,483,43,106,2.465116279,pequeño,106
1205,20,484,15,81,5.4,pequeño,81
1206,20,485,180,777,4.316666667,pequeño,777
1207,20,486,3,8,2.666666667,pequeño,8
1208,20,487,1,1,1,pequeño,1
1209,20,489,123,732,5.951219512,pequeño,732
1210,20,491,7,17,2.428571429,pequeño,17
1211,20,498,124,1112,8.967741935,pequeño,1112
1212,20,499,2,3,1.5,pequeño,3
1213,20,500,10,33,3.3,pequeño,33
1214,20,501,1,7,7,pequeño,7
1215,20,505,125,715,5.72,pequeño,715
1216,20,507,198,1087,5.48989899,pequeño,1087
1217,20,508,18,47,2.611111111,pequeño,47
1218,20,509,7,16,2.285714286,pequeño,16
1219,20,513,3,26,8.666666667,pequeño,26
1220,20,515,26,130,5,pequeño,130
1221,20,520,7,17,2.428571429,pequeño,17
1222,20,523,7,11,1.571428571,pequeño,11
1223,20,525,148,1224,8.27027027,pequeño,1224
1224,20,526,66,521,7.893939394,pequeño,521
1225,20,530,1,1,1,pequeño,1
1226,20,531,29,90,3.103448276,pequeño,90
1227,20,532,15,76,5.066666667,pequeño,76
1228,20,537,22,67,3.045454545,pequeño,67
1229,20,539,56,279,4.982142857,pequeño,279
1230,20,540,15,35,2.333333333,pequeño,35
1231,20,543,37,272,7.351351351,pequeño,272
1232,20,545,1,1,1,pequeño,1
1233,20,546,1,5,5,pequeño,5
1234,20,547,10,30,3,pequeño,30
1235,20,549,16,47,2.9375,pequeño,47
1236,20,550,4,16,4,pequeño,16
1237,20,553,6,15,2.5,pequeño,15
1238,20,555,43,107,2.488372093,pequeño,107
1239,20,557,129,1146,8.88372093,pequeño,1146
1240,20,559,12,50,4.166666667,pequeño,50
1241,20,562,2,3,1.5,pequeño,3
1242,20,565,10,39,3.9,pequeño,39
1243,20,566,30,70,2.333333333,pequeño,70
1244,20,569,2,2,1,pequeño,2
1245,20,570,37,116,3.135135135,pequeño,116
1246,21,001,24,47,1.958333333,pequeño,47
1247,21,003,34,128,3.764705882,pequeño,128
1248,21,004,20,103,5.15,pequeño,103
1249,21,005,1,1,1,pequeño,1
1250,21,006,9,13,1.444444444,pequeño,13
1251,21,007,8,78,9.75,pequeño,78
1252,21,008,78,204,2.615384615,pequeño,204
1253,21,010,19,110,5.789473684,pequeño,110
1254,21,011,6,45,7.5,pequeño,45
1255,21,012,6,10,1.666666667,pequeño,10
1256,21,013,16,188,11.75,pequeño,188
1257,21,014,6,9,1.5,pequeño,9
1258,21,015,11,54,4.909090909,pequeño,54
1259,21,016,37,67,1.810810811,pequeño,67
1260,21,017,10,27,2.7,pequeño,27
1261,21,019,122,900,7.37704918,pequeño,900
1262,21,020,19,527,27.73684211,pequeño,527
1263,21,022,7,21,3,pequeño,21
1264,21,023,8,19,2.375,pequeño,19
1265,21,024,8,54,6.75,pequeño,54
1266,21,025,33,342,10.36363636,pequeño,342
1267,21,026,45,119,2.644444444,pequeño,119
1268,21,029,1,1,1,pequeño,1
1269,21,032,21,102,4.857142857,pequeño,102
1270,21,034,67,313,4.671641791,pequeño,313
1271,21,035,1,20,20,pequeño,20
1272,21,038,7,38,5.428571429,pequeño,38
1273,21,039,1,1,1,pequeño,1
1274,21,040,63,151,2.396825397,pequeño,151
1275,21,041,27,105,3.888888889,pequeño,105
1276,21,042,2,12,6,pequeño,12
1277,21,043,24,44,1.833333333,pequeño,44
1278,21,044,31,95,3.064516129,pequeño,95
1279,21,045,38,91,2.394736842,pequeño,91
1280,21,046,2,4,2,pequeño,4
1281,21,047,107,491,4.588785047,pequeño,491
1282,21,048,27,104,3.851851852,pequeño,104
1283,21,049,36,53,1.472222222,pequeño,53
1284,21,050,5,5,1,pequeño,5
1285,21,051,21,50,2.380952381,pequeño,50
1286,21,053,815,2348,2.880981595,pequeño,2348
1287,21,054,26,51,1.961538462,pequeño,51
1288,21,055,5,16,3.2,pequeño,16
1289,21,056,7,57,8.142857143,pequeño,57
1290,21,057,247,693,2.805668016,pequeño,693
1291,21,058,2,8,4,pequeño,8
1292,21,061,2,8,4,pequeño,8
1293,21,063,54,106,1.962962963,pequeño,106
1294,21,064,69,519,7.52173913,pequeño,519
1295,21,065,2,3,1.5,pequeño,3
1296,21,066,1,2,2,pequeño,2
1297,21,067,17,149,8.764705882,pequeño,149
1298,21,068,11,24,2.181818182,pequeño,24
1299,21,069,19,173,9.105263158,pequeño,173
1300,21,070,2,2,1,pequeño,2
1301,21,071,70,230,3.285714286,pequeño,230
1302,21,072,4,6,1.5,pequeño,6
1303,21,073,9,62,6.888888889,pequeño,62
1304,21,074,429,2131,4.967365967,pequeño,2131
1305,21,075,4,32,8,pequeño,32
1306,21,076,42,497,11.83333333,pequeño,497
1307,21,077,3,5,1.666666667,pequeño,5
1308,21,078,4,13,3.25,pequeño,13
1309,21,079,24,290,12.08333333,pequeño,290
1310,21,081,49,203,4.142857143,pequeño,203
1311,21,082,1,2,2,pequeño,2
1312,21,083,320,713,2.228125,pequeño,713
1313,21,084,2,3,1.5,pequeño,3
1314,21,085,16,45,2.8125,pequeño,45
1315,21,086,47,150,3.191489362,pequeño,150
1316,21,087,77,474,6.155844156,pequeño,474
1317,21,088,2,5,2.5,pequeño,5
1318,21,089,16,60,3.75,pequeño,60
1319,21,090,34,81,2.382352941,pequeño,81
1320,21,093,7,9,1.285714286,pequeño,9
1321,21,094,759,3999,5.268774704,pequeño,3999
1322,21,096,24,77,3.208333333,pequeño,77
1323,21,097,5,17,3.4,pequeño,17
1324,21,098,1,2,2,pequeño,2
1325,21,099,413,1035,2.506053269,pequeño,1035
1326,21,100,2,4,2,pequeño,4
1327,21,101,20,31,1.55,pequeño,31
1328,21,102,9,21,2.333333333,pequeño,21
1329,21,104,41,2018,49.2195122,mediano,2018
1330,21,105,12,44,3.666666667,pequeño,44
1331,21,106,96,863,8.989583333,pequeño,863
1332,21,107,1,2,2,pequeño,2
1333,21,108,176,1162,6.602272727,pequeño,1162
1334,21,109,7,10,1.428571429,pequeño,10
1335,21,110,245,670,2.734693878,pequeño,670
1336,21,111,62,340,5.483870968,pequeño,340
1337,21,112,3,10,3.333333333,pequeño,10
1338,21,113,8,23,2.875,pequeño,23
1339,21,114,79,264,3.341772152,pequeño,264
1340,21,115,10,18,1.8,pequeño,18
1341,21,116,29,55,1.896551724,pequeño,55
1342,21,117,1,2,2,pequeño,2
1343,21,118,15,44,2.933333333,pequeño,44
1344,21,119,88,655,7.443181818,pequeño,655
1345,21,120,1,1,1,pequeño,1
1346,21,121,1,5,5,pequeño,5
1347,21,122,30,136,4.533333333,pequeño,136
1348,21,124,2,47,23.5,pequeño,47
1349,21,125,115,2558,22.24347826,pequeño,2558
1350,21,126,11,43,3.909090909,pequeño,43
1351,21,127,2,14,7,pequeño,14
1352,21,128,168,2046,12.17857143,pequeño,2046
1353,21,129,5,17,3.4,pequeño,17
1354,21,130,9,22,2.444444444,pequeño,22
1355,21,132,389,1905,4.897172237,pequeño,1905
1356,21,133,1,3,3,pequeño,3
1357,21,134,89,300,3.370786517,pequeño,300
1358,21,135,9,24,2.666666667,pequeño,24
1359,21,136,15,61,4.066666667,pequeño,61
1360,21,137,9,15,1.666666667,pequeño,15
1361,21,138,4,5,1.25,pequeño,5
1362,21,139,2,3,1.5,pequeño,3
1363,21,140,43,209,4.860465116,pequeño,209
1364,21,142,44,980,22.27272727,pequeño,980
1365,21,143,97,387,3.989690722,pequeño,387
1366,21,144,5,18,3.6,pequeño,18
1367,21,145,3,19,6.333333333,pequeño,19
1368,21,147,9,33,3.666666667,pequeño,33
1369,21,148,2,3,1.5,pequeño,3
1370,21,149,32,118,3.6875,pequeño,118
1371,21,151,70,398,5.685714286,pequeño,398
1372,21,152,17,57,3.352941176,pequeño,57
1373,21,153,42,232,5.523809524,pequeño,232
1374,21,154,590,3665,6.211864407,pequeño,3665
1375,21,155,15,46,3.066666667,pequeño,46
1376,21,156,94,369,3.925531915,pequeño,369
1377,21,157,17,112,6.588235294,pequeño,112
1378,21,158,55,206,3.745454545,pequeño,206
1379,21,160,28,142,5.071428571,pequeño,142
1380,21,161,37,123,3.324324324,pequeño,123
1381,21,162,6,14,2.333333333,pequeño,14
1382,21,164,134,496,3.701492537,pequeño,496
1383,21,166,2,11,5.5,pequeño,11
1384,21,168,2,7,3.5,pequeño,7
1385,21,169,3,18,6,pequeño,18
1386,21,170,265,1000,3.773584906,pequeño,1000
1387,21,171,21,269,12.80952381,pequeño,269
1388,21,172,17,33,1.941176471,pequeño,33
1389,21,173,15,47,3.133333333,pequeño,47
1390,21,174,38,147,3.868421053,pequeño,147
1391,21,175,2,3,1.5,pequeño,3
1392,21,176,1,2,2,pequeño,2
1393,21,177,49,101,2.06122449,pequeño,101
1394,21,178,6,14,2.333333333,pequeño,14
1395,21,179,22,42,1.909090909,pequeño,42
1396,21,180,189,576,3.047619048,pequeño,576
1397,21,181,126,455,3.611111111,pequeño,455
1398,21,182,34,319,9.382352941,pequeño,319
1399,21,183,8,18,2.25,pequeño,18
1400,21,184,2,2,1,pequeño,2
1401,21,185,3,214,71.33333333,mediano,214
1402,21,186,103,597,5.796116505,pequeño,597
1403,21,187,4,7,1.75,pequeño,7
1404,21,188,9,34,3.777777778,pequeño,34
1405,21,189,361,2927,8.108033241,pequeño,2927
1406,21,191,12,65,5.416666667,pequeño,65
1407,21,192,11,23,2.090909091,pequeño,23
1408,21,193,1,16,16,pequeño,16
1409,21,194,106,786,7.41509434,pequeño,786
1410,21,195,5,6,1.2,pequeño,6
1411,21,196,1,2,2,pequeño,2
1412,21,197,44,191,4.340909091,pequeño,191
1413,21,198,10,71,7.1,pequeño,71
1414,21,199,35,76,2.171428571,pequeño,76
1415,21,201,1,4,4,pequeño,4
1416,21,202,35,50,1.428571429,pequeño,50
1417,21,203,4,13,3.25,pequeño,13
1418,21,204,4,9,2.25,pequeño,9
1419,21,205,36,135,3.75,pequeño,135
1420,21,206,12,72,6,pequeño,72
1421,21,207,90,178,1.977777778,pequeño,178
1422,21,208,246,625,2.540650407,pequeño,625
1423,21,209,2,3,1.5,pequeño,3
1424,21,210,2,8,4,pequeño,8
1425,21,211,48,140,2.916666667,pequeño,140
1426,21,212,4,8,2,pequeño,8
1427,21,213,56,90,1.607142857,pequeño,90
1428,21,214,3,18,6,pequeño,18
1429,21,216,1,2,2,pequeño,2
1430,21,217,2,16,8,pequeño,16
1431,22,001,374,1105,2.954545455,pequeño,1105
1432,22,002,19,46,2.421052632,pequeño,46
1433,22,003,22,55,2.5,pequeño,55
1434,22,004,16,50,3.125,pequeño,50
1435,22,006,21,379,18.04761905,pequeño,379
1436,22,007,38,528,13.89473684,pequeño,528
1437,22,008,31,399,12.87096774,pequeño,399
1438,22,009,60,146,2.433333333,pequeño,146
1439,22,010,57,131,2.298245614,pequeño,131
1440,22,013,12,88,7.333333333,pequeño,88
1441,22,014,27,427,15.81481481,pequeño,427
1442,22,015,3,20,6.666666667,pequeño,20
1443,22,016,89,2413,27.11235955,pequeño,2413
1444,22,017,27,2340,86.66666667,mediano,2340
1445,22,018,32,418,13.0625,pequeño,418
1446,23,002,47,347,7.382978723,pequeño,347
1447,23,003,4,4,1,pequeño,4
1448,23,004,210,1550,7.380952381,pequeño,1550
1449,23,005,2,2,1,pequeño,2
1450,23,006,28,76,2.714285714,pequeño,76
1451,23,007,9,27,3,pequeño,27
1452,23,008,2,5,2.5,pequeño,5
1453,23,010,296,1177,3.976351351,pequeño,1177
1454,23,011,2,8,4,pequeño,8
1455,24,001,34,95,2.794117647,pequeño,95
1456,24,002,127,522,4.11023622,pequeño,522
1457,24,003,91,379,4.164835165,pequeño,379
1458,24,004,62,281,4.532258065,pequeño,281
1459,24,005,7,38,5.428571429,pequeño,38
1460,24,006,46,252,5.47826087,pequeño,252
1461,24,007,126,551,4.373015873,pequeño,551
1462,24,008,24,98,4.083333333,pequeño,98
1463,24,009,25,215,8.6,pequeño,215
1464,24,010,57,200,3.50877193,pequeño,200
1465,24,011,98,375,3.826530612,pequeño,375
1466,24,012,14,50,3.571428571,pequeño,50
1467,24,013,85,285,3.352941176,pequeño,285
1468,24,014,6,17,2.833333333,pequeño,17
1469,24,015,206,862,4.184466019,pequeño,862
1470,24,016,147,1045,7.108843537,pequeño,1045
1471,24,017,41,127,3.097560976,pequeño,127
1472,24,018,7,24,3.428571429,pequeño,24
1473,24,019,30,124,4.133333333,pequeño,124
1474,24,020,246,823,3.345528455,pequeño,823
1475,24,021,115,293,2.547826087,pequeño,293
1476,24,022,96,502,5.229166667,pequeño,502
1477,24,023,30,94,3.133333333,pequeño,94
1478,24,024,94,524,5.574468085,pequeño,524
1479,24,025,182,518,2.846153846,pequeño,518
1480,24,026,10,18,1.8,pequeño,18
1481,24,027,52,241,4.634615385,pequeño,241
1482,24,028,317,1749,5.517350158,pequeño,1749
1483,24,029,234,2198,9.393162393,pequeño,2198
1484,24,030,89,358,4.02247191,pequeño,358
1485,24,031,47,218,4.638297872,pequeño,218
1486,24,032,169,1521,9,pequeño,1521
1487,24,033,132,481,3.643939394,pequeño,481
1488,24,034,137,822,6,pequeño,822
1489,24,035,243,2090,8.600823045,pequeño,2090
1490,24,036,81,354,4.37037037,pequeño,354
1491,24,037,27,182,6.740740741,pequeño,182
1492,24,038,51,279,5.470588235,pequeño,279
1493,24,039,55,645,11.72727273,pequeño,645
1494,24,040,149,1058,7.100671141,pequeño,1058
1495,24,041,63,285,4.523809524,pequeño,285
1496,24,042,123,849,6.902439024,pequeño,849
1497,24,043,37,267,7.216216216,pequeño,267
1498,24,044,19,43,2.263157895,pequeño,43
1499,24,045,191,876,4.586387435,pequeño,876
1500,24,046,311,1611,5.180064309,pequeño,1611
1501,24,047,93,217,2.333333333,pequeño,217
1502,24,048,13,41,3.153846154,pequeño,41
1503,24,049,263,986,3.74904943,pequeño,986
1504,24,050,401,3683,9.184538653,pequeño,3683
1505,24,051,78,332,4.256410256,pequeño,332
1506,24,052,21,90,4.285714286,pequeño,90
1507,24,053,35,69,1.971428571,pequeño,69
1508,24,054,44,143,3.25,pequeño,143
1509,24,055,74,549,7.418918919,pequeño,549
1510,24,056,28,113,4.035714286,pequeño,113
1511,24,057,7,10,1.428571429,pequeño,10
1512,24,058,24,88,3.666666667,pequeño,88
1513,25,001,880,10538,11.975,pequeño,10538
1514,25,002,118,895,7.584745763,pequeño,895
1515,25,003,301,2541,8.441860465,pequeño,2541
1516,25,004,171,1532,8.959064327,pequeño,1532
1517,25,005,206,1567,7.606796117,pequeño,1567
1518,25,006,1141,15446,13.53724803,pequeño,15446
1519,25,007,247,2285,9.251012146,pequeño,2285
1520,25,008,308,3859,12.52922078,pequeño,3859
1521,25,009,136,903,6.639705882,pequeño,903
1522,25,010,635,4435,6.984251969,pequeño,4435
1523,25,011,414,3183,7.688405797,pequeño,3183
1524,25,012,710,11635,16.38732394,pequeño,11635
1525,25,013,246,1522,6.18699187,pequeño,1522
1526,25,014,198,1767,8.924242424,pequeño,1767
1527,25,015,97,822,8.474226804,pequeño,822
1528,25,016,338,3481,10.29881657,pequeño,3481
1529,25,017,328,2499,7.618902439,pequeño,2499
1530,25,018,257,3034,11.80544747,pequeño,3034
1531,26,001,16,117,7.3125,pequeño,117
1532,26,002,91,510,5.604395604,pequeño,510
1533,26,003,378,3027,8.007936508,pequeño,3027
1534,26,004,50,767,15.34,pequeño,767
1535,26,005,60,463,7.716666667,pequeño,463
1536,26,006,109,498,4.568807339,pequeño,498
1537,26,007,8,111,13.875,pequeño,111
1538,26,008,41,183,4.463414634,pequeño,183
1539,26,009,73,568,7.780821918,pequeño,568
1540,26,010,30,179,5.966666667,pequeño,179
1541,26,011,41,206,5.024390244,pequeño,206
1542,26,012,141,2303,16.33333333,pequeño,2303
1543,26,013,62,238,3.838709677,pequeño,238
1544,26,014,28,106,3.785714286,pequeño,106
1545,26,015,11,54,4.909090909,pequeño,54
1546,26,016,33,366,11.09090909,pequeño,366
1547,26,017,27,564,20.88888889,pequeño,564
1548,26,018,342,5710,16.69590643,pequeño,5710
1549,26,019,74,433,5.851351351,pequeño,433
1550,26,020,58,1330,22.93103448,pequeño,1330
1551,26,021,185,2293,12.39459459,pequeño,2293
1552,26,022,103,491,4.766990291,pequeño,491
1553,26,023,206,716,3.475728155,pequeño,716
1554,26,024,43,194,4.511627907,pequeño,194
1555,26,025,49,504,10.28571429,pequeño,504
1556,26,026,153,1243,8.124183007,pequeño,1243
1557,26,027,182,815,4.478021978,pequeño,815
1558,26,028,8,37,4.625,pequeño,37
1559,26,029,252,4036,16.01587302,pequeño,4036
1560,26,030,441,5252,11.90929705,pequeño,5252
1561,26,031,28,171,6.107142857,pequeño,171
1562,26,032,15,163,10.86666667,pequeño,163
1563,26,033,133,1030,7.744360902,pequeño,1030
1564,26,034,12,55,4.583333333,pequeño,55
1565,26,035,156,707,4.532051282,pequeño,707
1566,26,036,107,778,7.271028037,pequeño,778
1567,26,037,133,1651,12.41353383,pequeño,1651
1568,26,038,118,592,5.016949153,pequeño,592
1569,26,039,13,42,3.230769231,pequeño,42
1570,26,040,110,897,8.154545455,pequeño,897
1571,26,041,7,45,6.428571429,pequeño,45
1572,26,042,233,1594,6.841201717,pequeño,1594
1573,26,043,84,711,8.464285714,pequeño,711
1574,26,044,33,367,11.12121212,pequeño,367
1575,26,045,52,459,8.826923077,pequeño,459
1576,26,046,10,69,6.9,pequeño,69
1577,26,047,55,553,10.05454545,pequeño,553
1578,26,048,11,56,5.090909091,pequeño,56
1579,26,049,84,931,11.08333333,pequeño,931
1580,26,050,58,608,10.48275862,pequeño,608
1581,26,051,126,1625,12.8968254,pequeño,1625
1582,26,052,313,3229,10.31629393,pequeño,3229
1583,26,053,7,52,7.428571429,pequeño,52
1584,26,054,8,66,8.25,pequeño,66
1585,26,055,10,246,24.6,pequeño,246
1586,26,056,62,862,13.90322581,pequeño,862
1587,26,057,72,284,3.944444444,pequeño,284
1588,26,058,195,1942,9.958974359,pequeño,1942
1589,26,059,39,193,4.948717949,pequeño,193
1590,26,060,21,82,3.904761905,pequeño,82
1591,26,061,50,411,8.22,pequeño,411
1592,26,062,46,605,13.15217391,pequeño,605
1593,26,063,37,163,4.405405405,pequeño,163
1594,26,064,114,1214,10.64912281,pequeño,1214
1595,26,065,42,483,11.5,pequeño,483
1596,26,066,436,5402,12.38990826,pequeño,5402
1597,26,067,59,280,4.745762712,pequeño,280
1598,26,068,189,3827,20.24867725,pequeño,3827
1599,26,069,208,2335,11.22596154,pequeño,2335
1600,26,070,42,236,5.619047619,pequeño,236
1601,26,071,40,540,13.5,pequeño,540
1602,26,072,77,911,11.83116883,pequeño,911
1603,27,001,826,3917,4.742130751,pequeño,3917
1604,27,002,466,1156,2.480686695,pequeño,1156
1605,27,003,493,1382,2.803245436,pequeño,1382
1606,27,004,698,3327,4.766475645,pequeño,3327
1607,27,005,288,983,3.413194444,pequeño,983
1608,27,006,240,749,3.120833333,pequeño,749
1609,27,007,151,555,3.675496689,pequeño,555
1610,27,008,1203,9997,8.310058188,pequeño,9997
1611,27,009,397,1645,4.143576826,pequeño,1645
1612,27,010,174,633,3.637931034,pequeño,633
1613,27,011,628,3311,5.272292994,pequeño,3311
1614,27,012,837,4029,4.813620072,pequeño,4029
1615,27,013,289,924,3.197231834,pequeño,924
1616,27,014,64,124,1.9375,pequeño,124
1617,27,015,222,939,4.22972973,pequeño,939
1618,27,016,132,651,4.931818182,pequeño,651
1619,27,017,594,3325,5.597643098,pequeño,3325
1620,28,001,27,93,3.444444444,pequeño,93
1621,28,002,165,813,4.927272727,pequeño,813
1622,28,003,33,131,3.96969697,pequeño,131
1623,28,004,9,44,4.888888889,pequeño,44
1624,28,005,16,21,1.3125,pequeño,21
1625,28,006,2,6,3,pequeño,6
1626,28,008,63,287,4.555555556,pequeño,287
1627,28,010,17,27,1.588235294,pequeño,27
1628,28,011,5,9,1.8,pequeño,9
1629,28,012,119,889,7.470588235,pequeño,889
1630,28,013,42,101,2.404761905,pequeño,101
1631,28,014,1,15,15,pequeño,15
1632,28,015,1,2,2,pequeño,2
1633,28,016,78,274,3.512820513,pequeño,274
1634,28,017,20,64,3.2,pequeño,64
1635,28,018,31,73,2.35483871,pequeño,73
1636,28,019,38,249,6.552631579,pequeño,249
1637,28,020,28,93,3.321428571,pequeño,93
1638,28,021,258,1298,5.031007752,pequeño,1298
1639,28,022,19,73,3.842105263,pequeño,73
1640,28,023,9,20,2.222222222,pequeño,20
1641,28,026,2,14,7,pequeño,14
1642,28,027,3,12,4,pequeño,12
1643,28,028,2,4,2,pequeño,4
1644,28,029,39,143,3.666666667,pequeño,143
1645,28,030,11,41,3.727272727,pequeño,41
1646,28,031,9,24,2.666666667,pequeño,24
1647,28,032,13,43,3.307692308,pequeño,43
1648,28,033,4,12,3,pequeño,12
1649,28,034,118,734,6.220338983,pequeño,734
1650,28,035,31,95,3.064516129,pequeño,95
1651,28,036,8,37,4.625,pequeño,37
1652,28,037,66,233,3.53030303,pequeño,233
1653,28,039,7,23,3.285714286,pequeño,23
1654,28,040,22,126,5.727272727,pequeño,126
1655,28,041,18,46,2.555555556,pequeño,46
1656,28,042,173,854,4.936416185,pequeño,854
1657,28,043,30,160,5.333333333,pequeño,160
1658,29,001,2,6,3,pequeño,6
1659,29,002,6,18,3,pequeño,18
1660,29,003,250,815,3.26,pequeño,815
1661,29,004,523,1562,2.986615679,pequeño,1562
1662,29,005,112,421,3.758928571,pequeño,421
1663,29,006,36,108,3,pequeño,108
1664,29,007,57,152,2.666666667,pequeño,152
1665,29,008,110,642,5.836363636,pequeño,642
1666,29,009,48,167,3.479166667,pequeño,167
1667,29,010,25,211,8.44,pequeño,211
1668,29,011,44,145,3.295454545,pequeño,145
1669,29,012,30,76,2.533333333,pequeño,76
1670,29,013,358,3021,8.438547486,pequeño,3021
1671,29,014,92,186,2.02173913,pequeño,186
1672,29,015,121,554,4.578512397,pequeño,554
1673,29,016,45,155,3.444444444,pequeño,155
1674,29,018,12,44,3.666666667,pequeño,44
1675,29,019,57,169,2.964912281,pequeño,169
1676,29,020,36,127,3.527777778,pequeño,127
1677,29,021,12,24,2,pequeño,24
1678,29,022,7,13,1.857142857,pequeño,13
1679,29,023,466,1838,3.944206009,pequeño,1838
1680,29,024,51,229,4.490196078,pequeño,229
1681,29,025,12,41,3.416666667,pequeño,41
1682,29,026,30,108,3.6,pequeño,108
1683,29,027,1,2,2,pequeño,2
1684,29,028,7,25,3.571428571,pequeño,25
1685,29,029,10,36,3.6,pequeño,36
1686,29,030,141,457,3.241134752,pequeño,457
1687,29,031,342,1207,3.529239766,pequeño,1207
1688,29,032,429,1771,4.128205128,pequeño,1771
1689,29,033,10,31,3.1,pequeño,31
1690,29,034,797,2653,3.328732748,pequeño,2653
1691,29,035,4,11,2.75,pequeño,11
1692,29,036,6,19,3.166666667,pequeño,19
1693,29,037,10,477,47.7,mediano,477
1694,29,038,53,198,3.735849057,pequeño,198
1695,29,039,52,137,2.634615385,pequeño,137
1696,29,040,41,85,2.073170732,pequeño,85
1697,29,041,4,9,2.25,pequeño,9
1698,29,042,19,63,3.315789474,pequeño,63
1699,29,043,32,93,2.90625,pequeño,93
1700,29,044,128,486,3.796875,pequeño,486
1701,29,045,27,127,4.703703704,pequeño,127
1702,29,046,63,170,2.698412698,pequeño,170
1703,29,047,96,267,2.78125,pequeño,267
1704,29,048,1,1,1,pequeño,1
1705,29,049,120,447,3.725,pequeño,447
1706,29,050,3,8,2.666666667,pequeño,8
1707,29,051,12,38,3.166666667,pequeño,38
1708,29,052,19,59,3.105263158,pequeño,59
1709,29,054,5,15,3,pequeño,15
1710,29,055,5,16,3.2,pequeño,16
1711,29,056,5,13,2.6,pequeño,13
1712,29,057,120,341,2.841666667,pequeño,341
1713,29,058,7,20,2.857142857,pequeño,20
1714,29,060,2,3,1.5,pequeño,3
1715,30,001,324,2348,7.24691358,pequeño,2348
1716,30,002,108,687,6.361111111,pequeño,687
1717,30,003,576,4598,7.982638889,pequeño,4598
1718,30,004,630,3614,5.736507937,pequeño,3614
1719,30,005,101,812,8.03960396,pequeño,812
1720,30,006,27,77,2.851851852,pequeño,77
1721,30,007,38,234,6.157894737,pequeño,234
1722,30,008,21,37,1.761904762,pequeño,37
1723,30,009,779,6595,8.465982028,pequeño,6595
1724,30,010,173,426,2.462427746,pequeño,426
1725,30,011,490,4420,9.020408163,pequeño,4420
1726,30,012,52,306,5.884615385,pequeño,306
1727,30,013,130,1041,8.007692308,pequeño,1041
1728,30,014,3,5,1.666666667,pequeño,5
1729,30,015,209,1608,7.693779904,pequeño,1608
1730,30,016,41,395,9.634146341,pequeño,395
1731,30,017,10,103,10.3,pequeño,103
1732,30,018,26,38,1.461538462,pequeño,38
1733,30,019,1,1,1,pequeño,1
1734,30,021,2,2,1,pequeño,2
1735,30,022,19,59,3.105263158,pequeño,59
1736,30,023,129,329,2.550387597,pequeño,329
1737,30,024,32,144,4.5,pequeño,144
1738,30,025,59,221,3.745762712,pequeño,221
1739,30,026,27,115,4.259259259,pequeño,115
1740,30,027,34,94,2.764705882,pequeño,94
1741,30,028,1,10,10,pequeño,10
1742,30,029,1,1,1,pequeño,1
1743,30,031,38,107,2.815789474,pequeño,107
1744,30,032,357,3007,8.422969188,pequeño,3007
1745,30,033,128,583,4.5546875,pequeño,583
1746,30,034,73,377,5.164383562,pequeño,377
1747,30,035,115,778,6.765217391,pequeño,778
1748,30,036,271,967,3.568265683,pequeño,967
1749,30,037,5,50,10,pequeño,50
1750,30,038,96,472,4.916666667,pequeño,472
1751,30,039,11,127,11.54545455,pequeño,127
1752,30,040,101,622,6.158415842,pequeño,622
1753,30,042,114,688,6.035087719,pequeño,688
1754,30,043,212,912,4.301886792,pequeño,912
1755,30,044,19,64,3.368421053,pequeño,64
1756,30,045,176,1273,7.232954545,pequeño,1273
1757,30,046,18,47,2.611111111,pequeño,47
1758,30,047,65,160,2.461538462,pequeño,160
1759,30,048,60,338,5.633333333,pequeño,338
1760,30,049,384,3370,8.776041667,pequeño,3370
1761,30,050,11,42,3.818181818,pequeño,42
1762,30,051,100,383,3.83,pequeño,383
1763,30,053,25,203,8.12,pequeño,203
1764,30,054,132,921,6.977272727,pequeño,921
1765,30,055,18,112,6.222222222,pequeño,112
1766,30,056,53,306,5.773584906,pequeño,306
1767,30,057,425,1431,3.367058824,pequeño,1431
1768,30,058,311,880,2.829581994,pequeño,880
1769,30,059,83,636,7.662650602,pequeño,636
1770,30,060,191,1088,5.696335079,pequeño,1088
1771,30,061,1528,9744,6.376963351,pequeño,9744
1772,30,062,13,74,5.692307692,pequeño,74
1773,30,063,522,5207,9.975095785,pequeño,5207
1774,30,064,6,6,1,pequeño,6
1775,30,065,73,325,4.452054795,pequeño,325
1776,30,066,50,786,15.72,pequeño,786
1777,30,067,23,50,2.173913043,pequeño,50
1778,30,068,5,27,5.4,pequeño,27
1779,30,069,39,345,8.846153846,pequeño,345
1780,30,070,1097,7098,6.470373747,pequeño,7098
1781,30,071,79,261,3.303797468,pequeño,261
1782,30,072,69,181,2.623188406,pequeño,181
1783,30,073,181,1065,5.883977901,pequeño,1065
1784,30,074,2,3,1.5,pequeño,3
1785,30,075,620,4128,6.658064516,pequeño,4128
1786,30,076,67,161,2.402985075,pequeño,161
1787,30,077,508,5503,10.83267717,pequeño,5503
1788,30,078,166,1344,8.096385542,pequeño,1344
1789,30,079,191,556,2.910994764,pequeño,556
1790,30,080,4,13,3.25,pequeño,13
1791,30,081,7,22,3.142857143,pequeño,22
1792,30,082,38,92,2.421052632,pequeño,92
1793,30,083,176,755,4.289772727,pequeño,755
1794,30,084,188,1424,7.574468085,pequeño,1424
1795,30,085,25,58,2.32,pequeño,58
1796,30,086,104,252,2.423076923,pequeño,252
1797,30,087,33,262,7.939393939,pequeño,262
1798,30,088,1,1,1,pequeño,1
1799,30,089,80,463,5.7875,pequeño,463
1800,30,090,161,1239,7.695652174,pequeño,1239
1801,30,091,1293,11790,9.118329466,pequeño,11790
1802,30,092,305,1043,3.419672131,pequeño,1043
1803,30,093,133,587,4.413533835,pequeño,587
1804,30,094,942,8769,9.308917197,pequeño,8769
1805,30,095,178,923,5.185393258,pequeño,923
1806,30,096,77,324,4.207792208,pequeño,324
1807,30,097,56,410,7.321428571,pequeño,410
1808,30,099,36,63,1.75,pequeño,63
1809,30,100,354,1963,5.54519774,pequeño,1963
1810,30,101,43,123,2.860465116,pequeño,123
1811,30,102,29,175,6.034482759,pequeño,175
1812,30,103,8,14,1.75,pequeño,14
1813,30,104,179,2531,14.1396648,pequeño,2531
1814,30,105,372,2972,7.989247312,pequeño,2972
1815,30,106,149,728,4.88590604,pequeño,728
1816,30,107,42,77,1.833333333,pequeño,77
1817,30,108,912,4343,4.762061404,pequeño,4343
1818,30,109,281,922,3.28113879,pequeño,922
1819,30,110,1,2,2,pequeño,2
1820,30,111,220,726,3.3,pequeño,726
1821,30,112,271,1459,5.383763838,pequeño,1459
1822,30,114,179,1608,8.983240223,pequeño,1608
1823,30,115,10,33,3.3,pequeño,33
1824,30,116,82,520,6.341463415,pequeño,520
1825,30,117,11,36,3.272727273,pequeño,36
1826,30,118,7,51,7.285714286,pequeño,51
1827,30,119,3,13,4.333333333,pequeño,13
1828,30,121,2132,25545,11.98170732,pequeño,25545
1829,30,122,56,525,9.375,pequeño,525
1830,30,123,2107,13300,6.312292359,pequeño,13300
1831,30,124,158,633,4.006329114,pequeño,633
1832,30,125,100,612,6.12,pequeño,612
1833,30,126,185,1103,5.962162162,pequeño,1103
1834,30,127,24,33,1.375,pequeño,33
1835,30,128,79,224,2.835443038,pequeño,224
1836,30,129,128,1020,7.96875,pequeño,1020
1837,30,130,983,7093,7.215666328,pequeño,7093
1838,30,131,5,12,2.4,pequeño,12
1839,30,132,491,2164,4.407331976,pequeño,2164
1840,30,133,185,1015,5.486486486,pequeño,1015
1841,30,134,206,1026,4.980582524,pequeño,1026
1842,30,135,10,40,4,pequeño,40
1843,30,136,98,781,7.969387755,pequeño,781
1844,30,137,1,3,3,pequeño,3
1845,30,138,5,13,2.6,pequeño,13
1846,30,139,91,518,5.692307692,pequeño,518
1847,30,141,613,4530,7.389885808,pequeño,4530
1848,30,142,1140,11377,9.979824561,pequeño,11377
1849,30,143,280,2502,8.935714286,pequeño,2502
1850,30,144,504,5835,11.57738095,pequeño,5835
1851,30,145,72,740,10.27777778,pequeño,740
1852,30,146,4,10,2.5,pequeño,10
1853,30,147,2,3,1.5,pequeño,3
1854,30,148,312,2054,6.583333333,pequeño,2054
1855,30,149,75,796,10.61333333,pequeño,796
1856,30,150,263,2345,8.91634981,pequeño,2345
1857,30,151,494,3069,6.212550607,pequeño,3069
1858,30,152,684,7111,10.39619883,pequeño,7111
1859,30,153,107,751,7.018691589,pequeño,751
1860,30,154,527,4006,7.601518027,pequeño,4006
1861,30,155,758,6021,7.943271768,pequeño,6021
1862,30,156,119,345,2.899159664,pequeño,345
1863,30,157,32,134,4.1875,pequeño,134
1864,30,158,205,979,4.775609756,pequeño,979
1865,30,160,207,1357,6.555555556,pequeño,1357
1866,30,161,749,6522,8.707610147,pequeño,6522
1867,30,162,1,3,3,pequeño,3
1868,30,163,19,52,2.736842105,pequeño,52
1869,30,164,17,84,4.941176471,pequeño,84
1870,30,165,1,1,1,pequeño,1
1871,30,166,232,1070,4.612068966,pequeño,1070
1872,30,167,105,952,9.066666667,pequeño,952
1873,30,169,193,1603,8.305699482,pequeño,1603
1874,30,170,5,7,1.4,pequeño,7
1875,30,172,436,2512,5.76146789,pequeño,2512
1876,30,173,17,55,3.235294118,pequeño,55
1877,30,174,1797,13547,7.53867557,pequeño,13547
1878,30,175,198,1279,6.45959596,pequeño,1279
1879,30,176,14,79,5.642857143,pequeño,79
1880,30,177,612,2186,3.571895425,pequeño,2186
1881,30,178,247,3057,12.37651822,pequeño,3057
1882,30,179,11,31,2.818181818,pequeño,31
1883,30,180,112,455,4.0625,pequeño,455
1884,30,181,1000,8935,8.935,pequeño,8935
1885,30,182,39,131,3.358974359,pequeño,131
1886,30,183,3,5,1.666666667,pequeño,5
1887,30,184,8,10,1.25,pequeño,10
1888,30,186,23,41,1.782608696,pequeño,41
1889,30,187,290,980,3.379310345,pequeño,980
1890,30,188,9,43,4.777777778,pequeño,43
1891,30,189,507,2433,4.798816568,pequeño,2433
1892,30,190,35,320,9.142857143,pequeño,320
1893,30,191,56,317,5.660714286,pequeño,317
1894,30,192,285,2715,9.526315789,pequeño,2715
1895,30,193,226,1309,5.792035398,pequeño,1309
1896,30,194,39,105,2.692307692,pequeño,105
1897,30,196,2,2,1,pequeño,2
1898,30,197,123,422,3.430894309,pequeño,422
1899,30,198,97,169,1.742268041,pequeño,169
1900,30,199,3,8,2.666666667,pequeño,8
1901,30,200,27,164,6.074074074,pequeño,164
1902,30,201,1,3,3,pequeño,3
1903,30,202,67,232,3.462686567,pequeño,232
1904,30,203,16,38,2.375,pequeño,38
1905,30,204,147,546,3.714285714,pequeño,546
1906,30,205,258,1402,5.434108527,pequeño,1402
1907,30,207,140,693,4.95,pequeño,693
1908,30,208,84,603,7.178571429,pequeño,603
1909,30,209,381,2636,6.918635171,pequeño,2636
1910,30,210,800,3174,3.9675,pequeño,3174
1911,30,211,47,627,13.34042553,pequeño,627
1912,30,212,282,1090,3.865248227,pequeño,1090
1913,31,004,1,2,2,pequeño,2
1914,31,006,12,77,6.416666667,pequeño,77
1915,31,012,1,1,1,pequeño,1
1916,31,019,1,1,1,pequeño,1
1917,31,025,1,12,12,pequeño,12
1918,31,026,1,1,1,pequeño,1
1919,31,027,2,51,25.5,pequeño,51
1920,31,032,2,5,2.5,pequeño,5
1921,31,033,1,2,2,pequeño,2
1922,31,037,1,1,1,pequeño,1
1923,31,040,1,30,30,pequeño,30
1924,31,045,1,5,5,pequeño,5
1925,31,049,2,8,4,pequeño,8
1926,31,050,2,15,7.5,pequeño,15
1927,31,053,1,2,2,pequeño,2
1928,31,057,14,24,1.714285714,pequeño,24
1929,31,058,7,54,7.714285714,pequeño,54
1930,31,059,1,1,1,pequeño,1
1931,31,061,4,4,1,pequeño,4
1932,31,062,1,1,1,pequeño,1
1933,31,065,2,2,1,pequeño,2
1934,31,067,1,1,1,pequeño,1
1935,31,068,1,2,2,pequeño,2
1936,31,070,23,382,16.60869565,pequeño,382
1937,31,072,1,1,1,pequeño,1
1938,31,073,1,2,2,pequeño,2
1939,31,076,1,25,25,pequeño,25
1940,31,077,1,1,1,pequeño,1
1941,31,079,1,3,3,pequeño,3
1942,31,085,1,1,1,pequeño,1
1943,31,096,37,372,10.05405405,pequeño,372
1944,31,098,16,172,10.75,pequeño,172
1945,31,102,1,4,4,pequeño,4
1946,32,001,82,142,1.731707317,pequeño,142
1947,32,002,17,68,4,pequeño,68
1948,32,003,78,300,3.846153846,pequeño,300
1949,32,004,88,306,3.477272727,pequeño,306
1950,32,005,25,44,1.76,pequeño,44
1951,32,006,95,589,6.2,pequeño,589
1952,32,007,16,76,4.75,pequeño,76
1953,32,008,36,206,5.722222222,pequeño,206
1954,32,009,218,1147,5.26146789,pequeño,1147
1955,32,010,602,3314,5.504983389,pequeño,3314
1956,32,011,38,185,4.868421053,pequeño,185
1957,32,012,74,338,4.567567568,pequeño,338
1958,32,013,13,163,12.53846154,pequeño,163
1959,32,014,72,257,3.569444444,pequeño,257
1960,32,015,79,189,2.392405063,pequeño,189
1961,32,016,35,134,3.828571429,pequeño,134
1962,32,017,163,697,4.27607362,pequeño,697
1963,32,018,138,283,2.050724638,pequeño,283
1964,32,019,134,275,2.052238806,pequeño,275
1965,32,020,286,863,3.017482517,pequeño,863
1966,32,021,91,418,4.593406593,pequeño,418
1967,32,022,52,154,2.961538462,pequeño,154
1968,32,023,30,93,3.1,pequeño,93
1969,32,024,144,2067,14.35416667,pequeño,2067
1970,32,025,73,819,11.21917808,pequeño,819
1971,32,026,349,2928,8.389684814,pequeño,2928
1972,32,027,1,8,8,pequeño,8
1973,32,028,41,187,4.56097561,pequeño,187
1974,32,029,304,8230,27.07236842,pequeño,8230
1975,32,030,39,97,2.487179487,pequeño,97
1976,32,031,439,2652,6.041002278,pequeño,2652
1977,32,032,19,51,2.684210526,pequeño,51
1978,32,033,72,194,2.694444444,pequeño,194
1979,32,034,262,683,2.606870229,pequeño,683
1980,32,035,35,171,4.885714286,pequeño,171
1981,32,036,119,1571,13.20168067,pequeño,1571
1982,32,037,64,214,3.34375,pequeño,214
1983,32,038,533,1785,3.348968105,pequeño,1785
1984,32,039,131,614,4.687022901,pequeño,614
1985,32,040,46,179,3.891304348,pequeño,179
1986,32,041,1,1,1,pequeño,1
1987,32,042,361,2198,6.088642659,pequeño,2198
1988,32,043,26,125,4.807692308,pequeño,125
1989,32,044,218,390,1.788990826,pequeño,390
1990,32,045,105,285,2.714285714,pequeño,285
1991,32,046,130,648,4.984615385,pequeño,648
1992,32,047,119,591,4.966386555,pequeño,591
1993,32,048,86,252,2.930232558,pequeño,252
1994,32,049,570,2664,4.673684211,pequeño,2664
1995,32,050,23,71,3.086956522,pequeño,71
1996,32,051,322,2343,7.276397516,pequeño,2343
1997,32,052,133,454,3.413533835,pequeño,454
1998,32,053,63,258,4.095238095,pequeño,258
1999,32,054,30,74,2.466666667,pequeño,74
2000,32,055,565,1375,2.433628319,pequeño,1375
2001,32,056,115,511,4.443478261,pequeño,511
2002,32,057,50,327,6.54,pequeño,327
2003,32,058,97,298,3.072164948,pequeño,298
